Country,Year,Month,Date,"M3 (UOM:INR(IndianRupees)), Scaling Factor:10000000","M3 Including Merger (UOM:INR(IndianRupees)), Scaling Factor:10000000","Currency With The Public (UOM:INR(IndianRupees)), Scaling Factor:10000000","Demand Deposits With Banks (UOM:INR(IndianRupees)), Scaling Factor:10000000","Time Deposits With Banks (UOM:INR(IndianRupees)), Scaling Factor:10000000","Time Deposits With Banks Including Merger (UOM:INR(IndianRupees)), Scaling Factor:10000000","Other Deposits With Reserve Bank (UOM:INR(IndianRupees)), Scaling Factor:10000000","Sources Of Net Bank Credit To Government (UOM:INR(IndianRupees)), Scaling Factor:10000000","Sources Of Net Bank Credit To Government Including Merger (UOM:INR(IndianRupees)), Scaling Factor:10000000","Sources Of Net Bank Credit To Government Including Merger From Reserve Bank (UOM:INR(IndianRupees)), Scaling Factor:10000000","Sources Of Net Credit Of Other Banks To Government Including Merger (UOM:INR(IndianRupees)), Scaling Factor:10000000","Sources Of Net Bank Credit Of Other Banks Including Merger To Government Including Merger (UOM:INR(IndianRupees)), Scaling Factor:10000000","Sources Of Bank Credit To Commercial Sector (UOM:INR(IndianRupees)), Scaling Factor:10000000","Sources Of Bank Credit To Commercial Sector Including Merger (UOM:INR(IndianRupees)), Scaling Factor:10000000","Sources Of Bank Credit To Commercial Sector From Reserve Bank (UOM:INR(IndianRupees)), Scaling Factor:10000000","Sources Of Bank Credit To Commercial By Other Banks (UOM:INR(IndianRupees)), Scaling Factor:10000000","Sources Of Bank Credit To Commercial By Other Banks Includimg Merger (UOM:INR(IndianRupees)), Scaling Factor:10000000","Sources Of Net Foreign Exchange Assets Of Banking Sector (UOM:INR(IndianRupees)), Scaling Factor:10000000","Sources Of Governments Currency Liabilities To The Public (UOM:INR(IndianRupees)), Scaling Factor:10000000","Sources Of Banking Sectors Net Non Monetary Liabilities (UOM:INR(IndianRupees)), Scaling Factor:10000000","Sources Of Banking Sectors Net Non Monetary Liabilities Including Merger (UOM:INR(IndianRupees)), Scaling Factor:10000000","Sources Of Net Non Monetary Liabilities Of Reserve Bank Of India (Rbi) Under Banking Sectors Net Non-Monetary Liabilities (UOM:INR(IndianRupees)), Scaling Factor:10000000",observation_year,observation_month,observation_quarter,observation_week,observation_day,month_name,m3_pct_change,net_fx_assets_pct_change
India,"Calendar Year (Jan - Dec), 2001","January, 2001",2001-01-12,1274324.38,23143686.34,208372.14,151764.02,911903.63,17510888.64,2284.58757,501417.91,7250237.568,158394.78,343023.13,6005323.618,684498.68,14870756.57,13121.62,671377.06,14866712.37,235706.25,5065.83,152364.29,4087232.343,84646.18,2001,1,1,2,12,January,,
India,"Calendar Year (Jan - Dec), 2001","January, 2001",2001-01-26,1276357.61,23143686.34,205688.74,152637.44,915863.49,17510888.64,2167.93612,495940.01,7250237.568,150436.44,345503.57,6005323.618,687580.84,14870756.57,13161.75,674419.09,14866712.37,237783.81,5222.76,150169.81,4087232.343,82690.17,2001,1,1,4,26,January,0.15955356673003074,0.8814191392888304
India,"Calendar Year (Jan - Dec), 2001","February, 2001",2001-02-09,1288101.77,23143686.34,210692.92,153548.8,921676.24,17510888.64,2183.80612,501437.56,7250237.568,154055.06,347382.5,6005323.618,687194.49,14870756.57,11171.89,676022.6,14866712.37,241084.81,5222.76,146837.85,4087232.343,81959.57,2001,2,1,6,9,February,0.9201308401334263,1.3882358096625635
India,"Calendar Year (Jan - Dec), 2001","February, 2001",2001-02-23,1290683.45,23143686.34,208367.77,156438.49,923566.04,17510888.64,2311.15363,502789.81,7250237.568,152366.66,350423.15,6005323.618,665361.29,14870756.57,11371.25,653990.04,14866712.37,242117.59,5277.43,124862.67,4087232.343,82919.75,2001,2,1,8,23,February,0.2004251574003968,0.4283886653829505
India,"Calendar Year (Jan - Dec), 2001","March, 2001",2001-03-09,1301732.55,23143686.34,214189.29,158643.48,926725.69,17510888.64,2174.09363,510377.61,7250237.568,155503.77,354873.84,6005323.618,666967.86,14870756.57,11947.85,655020.01,14866712.37,243278.38,5277.43,124168.73,4087232.343,83340.33,2001,3,1,10,9,March,0.8560658308588431,0.4794323287292013
India,"Calendar Year (Jan - Dec), 2001","March, 2001",2001-03-23,1312558.07,23143686.34,211758.2,165304.76,933153.49,17510888.64,2341.61849,503037.48,7250237.568,144615.63,358421.85,6005323.618,674531.94,14870756.57,9376.59,665155.35,14866712.37,248628.57,5353.51,118993.43,4087232.343,81637.6,2001,3,1,12,23,March,0.8316239768299649,2.1992048779673645
India,"Calendar Year (Jan - Dec), 2001","March, 2001",2001-03-31,1313203.58,23143686.34,209550.14,166269.82,933770.74,17510888.64,3612.87849,511954.78,7250237.568,153876.73,358078.05,6005323.618,679218.47,14870756.57,13286.55,665931.92,14866712.37,249831.4,5353.51,133154.58,4087232.343,79373.53,2001,3,1,13,31,March,0.04917953839558287,0.4837859140645051
India,"Calendar Year (Jan - Dec), 2001","April, 2001",2001-04-06,1346493.54,23143686.34,212763.5,176789.84,953373.82,17510888.64,3566.37849,521933.62,7250237.568,149509.71,372423.91,6005323.618,691458.38,14870756.57,9072.01,682386.37,14866712.37,251693.36,5353.51,123945.33,4087232.343,82117.02,2001,4,2,14,6,April,2.5350189800731338,0.745286621297403
India,"Calendar Year (Jan - Dec), 2001","April, 2001",2001-04-20,1350598.11,23143686.34,220605.6,167527.55,959328.02,17510888.64,3136.938,531582.1,7250237.568,157021.32,374560.78,6005323.618,682570.32,14870756.57,11717.36,670852.96,14866712.37,252892.81,5413.64,121860.76,4087232.343,83499.57,2001,4,2,16,20,April,0.30483399125702526,0.4765521029239661
India,"Calendar Year (Jan - Dec), 2001","May, 2001",2001-05-04,1361229.01,23143686.34,225052.26,166698.2,966161.04,17510888.64,3317.508,536460.7,7250237.568,161815.82,374644.88,6005323.618,684414.74,14870756.57,11140.73,673274.01,14866712.37,252949.23,5413.64,118009.3,4087232.343,84974.49,2001,5,2,18,4,May,0.7871253425639546,0.02230984740136943
India,"Calendar Year (Jan - Dec), 2001","May, 2001",2001-05-18,1369466.65,23143686.34,228640.57,164315.8,973567.15,17510888.64,2943.13104,544958.99,7250237.568,170490.2,374468.79,6005323.618,685188.16,14870756.57,11307.01,673881.15,14866712.37,253637.99,5488.29,119806.78,4087232.343,85238.53,2001,5,2,20,18,May,0.6051619484659598,0.272291795472146
India,"Calendar Year (Jan - Dec), 2001","June, 2001",2001-06-01,1373317.28,23143686.34,226494.64,164882.32,979828.41,17510888.64,2111.91104,546600.93,7250237.568,160079.72,386521.21,6005323.618,679223.84,14870756.57,8424.46,670799.38,14866712.37,254505.18,5488.29,112500.96,4087232.343,84803.85,2001,6,2,22,1,June,0.2811773474001855,0.3419006750526643
India,"Calendar Year (Jan - Dec), 2001","June, 2001",2001-06-15,1377194.45,23143686.34,229341.35,162481.38,982193.1,17510888.64,3178.62104,553179.02,7250237.568,172171.39,381007.63,6005323.618,682408.41,14870756.57,11166.52,671241.89,14866712.37,255469.09,5488.29,119350.36,4087232.343,85954.86,2001,6,2,24,15,June,0.2823215040300031,0.37873885317383227
India,"Calendar Year (Jan - Dec), 2001","June, 2001",2001-06-29,1384378.42,23143686.34,222357.88,171423.32,986869.27,17510888.64,3727.94715,553431.62,7250237.568,169619.0,383812.62,6005323.618,683992.29,14870756.57,10175.31,673816.98,14866712.37,251228.29,5564.96,109838.74,4087232.343,86703.45,2001,6,2,26,29,June,0.5216380301271251,-1.6600051301705387
India,"Calendar Year (Jan - Dec), 2001","July, 2001",2001-07-13,1386808.94,23143686.34,225506.8,163513.9,993907.21,17510888.64,3881.02715,560272.02,7250237.568,166704.36,393567.66,6005323.618,688729.52,14870756.57,10021.33,678708.19,14866712.37,252220.26,5564.96,119977.82,4087232.343,90567.59,2001,7,3,28,13,July,0.17556760239010316,0.39484804836271703
India,"Calendar Year (Jan - Dec), 2001","July, 2001",2001-07-27,1387631.38,23143686.34,219112.28,165384.77,999634.49,17510888.64,3499.84023,559820.17,7250237.568,161554.81,398265.36,6005323.618,691076.31,14870756.57,11615.54,679460.77,14866712.37,252778.41,5639.79,121683.3,4087232.343,92202.4,2001,7,3,30,27,July,0.05930449222515399,0.2212946731559029
India,"Calendar Year (Jan - Dec), 2001","August, 2001",2001-08-10,1393858.73,23143686.34,223416.85,161776.89,1005235.96,17510888.64,3429.03023,563054.85,7250237.568,166057.91,396996.94,6005323.618,691502.36,14870756.57,8272.82,683229.54,14866712.37,254783.39,5639.79,121121.66,4087232.343,92959.97,2001,8,3,32,10,August,0.44877552423181477,0.793176917284999
India,"Calendar Year (Jan - Dec), 2001","August, 2001",2001-08-24,1398492.22,23143686.34,219571.57,166591.29,1008694.02,17510888.64,3635.33763,555426.66,7250237.568,156132.8,399293.86,6005323.618,694251.62,14870756.57,9256.13,684995.49,14866712.37,258651.41,5720.93,115558.4,4087232.343,85284.16,2001,8,3,34,24,August,0.3324217799317353,1.5181601908978326
India,"Calendar Year (Jan - Dec), 2001","September, 2001",2001-09-07,1405882.71,23143686.34,221163.52,164228.42,1016848.04,17510888.64,3642.72763,562048.54,7250237.568,160204.38,401844.16,6005323.618,694889.49,14870756.57,9851.18,685038.31,14866712.37,261023.45,5720.93,117799.7,4087232.343,87349.45,2001,9,3,36,7,September,0.5284612881149897,0.9170798643626243
India,"Calendar Year (Jan - Dec), 2001","September, 2001",2001-09-21,1407886.21,23143686.34,218477.95,162134.38,1023975.1,17510888.64,3298.77829,560822.78,7250237.568,152029.83,408792.95,6005323.618,698058.72,14870756.57,10501.72,687557.0,14866712.37,270736.98,5804.94,127537.21,4087232.343,91817.09,2001,9,3,38,21,September,0.14250833200730728,3.7213246549304246
India,"Calendar Year (Jan - Dec), 2001","October, 2001",2001-10-05,1423585.55,23143686.34,220234.15,168413.71,1031402.46,17510888.64,3535.22829,564258.04,7250237.568,157369.74,406888.3,6005323.618,711795.87,14870756.57,7703.38,704092.49,14866712.37,272172.21,5804.94,130445.51,4087232.343,93531.38,2001,10,4,40,5,October,1.1151000619574303,0.5301196755611359
India,"Calendar Year (Jan - Dec), 2001","October, 2001",2001-10-19,1420823.01,23143686.34,223969.86,163188.69,1030546.95,17510888.64,3117.50581,565625.21,7250237.568,156545.02,409080.19,6005323.618,708995.2,14870756.57,11034.19,697961.01,14866712.37,273112.53,5889.22,132799.15,4087232.343,91696.88,2001,10,4,42,19,October,-0.19405507452643356,0.34548714580375783
India,"Calendar Year (Jan - Dec), 2001","November, 2001",2001-11-02,1426852.0,23143686.34,225829.61,165421.43,1032449.54,17510888.64,3151.41581,571853.4,7250237.568,163404.36,408449.04,6005323.618,712777.99,14870756.57,10446.31,702331.68,14866712.37,275001.58,5889.22,138670.19,4087232.343,93503.01,2001,11,4,44,2,November,0.4243308249913591,0.6916746002096685
India,"Calendar Year (Jan - Dec), 2001","November, 2001",2001-11-16,1436690.1,23143686.34,235534.86,163953.41,1034484.82,17510888.64,2717.00581,575882.97,7250237.568,164081.94,411801.03,6005323.618,711077.12,14870756.57,7818.23,703258.89,14866712.37,279479.11,5889.22,135638.32,4087232.343,92198.43,2001,11,4,46,16,November,0.6894968784429079,1.628183372619163
India,"Calendar Year (Jan - Dec), 2001","November, 2001",2001-11-30,1439208.49,23143686.34,229547.47,166652.38,1040116.78,17510888.64,2891.85777,579492.32,7250237.568,163100.73,416391.59,6005323.618,714197.3,14870756.57,7737.29,706460.01,14866712.37,281381.82,5992.88,141855.83,4087232.343,92852.71,2001,11,4,48,30,November,0.17529110836080886,0.6808058033389353
India,"Calendar Year (Jan - Dec), 2001","December, 2001",2001-12-14,1443597.43,23143686.34,234363.72,164610.15,1041816.02,17510888.64,2807.53777,579384.18,7250237.568,155688.5,423695.68,6005323.618,716285.5,14870756.57,9247.18,707038.32,14866712.37,285384.24,5992.88,143449.37,4087232.343,95156.7,2001,12,4,50,14,December,0.3049551215474011,1.4224159897750166
India,"Calendar Year (Jan - Dec), 2001","December, 2001",2001-12-28,1450487.27,23143686.34,229869.92,172252.36,1045864.13,17510888.64,2500.85608,572349.81,7250237.568,147983.87,424365.94,6005323.618,728731.13,14870756.57,10829.27,717901.86,14866712.37,282884.82,6076.93,139555.42,4087232.343,96811.79,2001,12,4,52,28,December,0.47726879092602204,-0.8758086991769387
India,"Calendar Year (Jan - Dec), 2002","January, 2002",2002-01-11,1458260.7,23143686.34,235048.98,164424.55,1056382.17,17510888.64,2404.99608,582633.44,7250237.568,151757.68,430875.76,6005323.618,733548.4,14870756.57,7609.44,725938.96,14866712.37,287525.36,6076.93,151523.43,4087232.343,100268.18,2002,1,1,2,11,January,0.5359185261929245,1.6404344354709277
India,"Calendar Year (Jan - Dec), 2002","January, 2002",2002-01-25,1458406.94,23143686.34,233316.83,164915.87,1057894.28,17510888.64,2279.95522,578804.12,7250237.568,152459.5,426344.62,6005323.618,733677.03,14870756.57,7884.45,725792.58,14866712.37,288866.85,6155.14,149096.2,4087232.343,98448.68,2002,1,1,4,25,January,0.010028385185179012,0.4665640623839229
India,"Calendar Year (Jan - Dec), 2002","February, 2002",2002-02-08,1467559.98,23143686.34,238449.34,166617.01,1060296.08,17510888.64,2197.54522,582919.15,7250237.568,155765.11,427154.04,6005323.618,736043.89,14870756.57,8197.22,727846.67,14866712.37,292916.03,6155.14,150474.23,4087232.343,101289.05,2002,2,1,6,8,February,0.6276053513568636,1.4017461678278664
India,"Calendar Year (Jan - Dec), 2002","February, 2002",2002-02-22,1474366.38,23143686.34,239702.36,166478.1,1065881.97,17510888.64,2303.94922,583793.05,7250237.568,151349.9,432443.15,6005323.618,741286.35,14870756.57,7835.73,733450.62,14866712.37,296385.92,6238.31,153337.25,4087232.343,102589.48,2002,2,1,8,22,February,0.4637902431762875,1.1846022902877618
India,"Calendar Year (Jan - Dec), 2002","March, 2002",2002-03-08,1485623.13,23143686.34,243856.85,168807.14,1070778.77,17510888.64,2180.36922,585050.47,7250237.568,152148.27,432902.2,6005323.618,743932.83,14870756.57,6919.77,737013.06,14866712.37,301479.75,6238.31,151078.23,4087232.343,103588.14,2002,3,1,10,8,March,0.7634974693332408,1.7186477684230095
India,"Calendar Year (Jan - Dec), 2002","March, 2002",2002-03-22,1498081.09,23143686.34,242539.79,178521.85,1074334.09,17510888.64,2685.3618,579040.78,7250237.568,141768.09,437272.69,6005323.618,759438.82,14870756.57,6964.61,752474.21,14866712.37,307048.75,6366.26,153813.52,4087232.343,103905.4,2002,3,1,12,22,March,0.8385679886392383,1.8472219112560584
India,"Calendar Year (Jan - Dec), 2002","March, 2002",2002-03-31,1498336.16,23143686.34,240794.34,179199.04,1075511.95,17510888.64,2830.8294,589564.76,7250237.568,152178.02,437386.74,6005323.618,759647.03,14870756.57,5928.63,753718.4,14866712.37,311044.36,6366.26,168286.26,4087232.343,101248.19,2002,3,1,13,31,March,0.017026448147738904,1.3012949898020931
India,"Calendar Year (Jan - Dec), 2002","April, 2002",2002-04-05,1535535.3,23143686.34,246086.53,189377.98,1097444.2,17510888.64,2626.5924,597594.58,7250237.568,144035.93,453558.65,6005323.618,769652.29,14870756.57,3197.09,766455.2,14866712.37,313495.04,6366.26,151572.86,4087232.343,105247.08,2002,4,2,14,5,April,2.482696539873941,0.7878876183448513
India,"Calendar Year (Jan - Dec), 2002","April, 2002",2002-04-19,1542209.83,23143686.34,252119.51,179615.36,1108132.16,17510888.64,2342.79635,604999.07,7250237.568,160101.92,444897.15,6005323.618,766006.72,14870756.57,5461.57,760545.15,14866712.37,316223.07,6383.41,151402.44,4087232.343,108404.43,2002,4,2,16,19,April,0.43467121856461954,0.870198775712705
India,"Calendar Year (Jan - Dec), 2002","May, 2002",2002-05-03,1591479.84,23143686.34,255561.64,180892.42,1152831.27,17510888.64,2194.50705,620567.02,7250237.568,161069.08,459497.94,6005323.618,813121.26,14870756.57,5932.33,807188.93,14866712.37,319423.65,6383.41,168015.5,4087232.343,111863.66,2002,5,2,18,3,May,3.1947669533399337,1.012127293558951
India,"Calendar Year (Jan - Dec), 2002","May, 2002",2002-05-17,1596064.6,23143686.34,261246.91,177286.56,1155232.46,17510888.64,2298.66585,628516.82,7250237.568,169064.69,459452.13,6005323.618,810803.44,14870756.57,4956.17,805847.27,14866712.37,319366.71,6383.41,169005.78,4087232.343,112394.15,2002,5,2,20,17,May,0.28808156313182565,-0.017825856037900767
India,"Calendar Year (Jan - Dec), 2002","May, 2002",2002-05-31,1605206.43,23143686.34,257446.6,181427.27,1164079.2,17510888.64,2253.35535,633297.64,7250237.568,159701.2,473596.44,6005323.618,813153.59,14870756.57,3093.97,810059.62,14866712.37,322309.31,6459.29,170013.4,4087232.343,113316.55,2002,5,2,22,31,May,0.5727731822383619,0.9213859515915024
India,"Calendar Year (Jan - Dec), 2002","June, 2002",2002-06-14,1605278.96,23143686.34,262056.33,175983.85,1164885.96,17510888.64,2352.82135,638204.08,7250237.568,166990.89,471213.19,6005323.618,811919.27,14870756.57,2979.59,808939.68,14866712.37,324155.01,6459.29,175458.69,4087232.343,115291.06,2002,6,2,24,14,June,0.004518421970201025,0.5726486771356454
India,"Calendar Year (Jan - Dec), 2002","June, 2002",2002-06-28,1609453.01,23143686.34,255284.17,182792.85,1168160.28,17510888.64,3215.71387,634855.25,7250237.568,147965.55,486889.7,6005323.618,815747.47,14870756.57,2918.96,812828.51,14866712.37,334446.4,6534.44,182130.54,4087232.343,118796.19,2002,6,2,26,28,June,0.2600202272631913,3.1748360144117527
India,"Calendar Year (Jan - Dec), 2002","July, 2002",2002-07-12,1616025.54,23143686.34,258304.86,175906.38,1177820.5,17510888.64,3993.80437,647210.16,7250237.568,169411.82,477798.34,6005323.618,818743.92,14870756.57,2928.75,815815.17,14866712.37,337879.43,6534.44,194342.4,4087232.343,121591.72,2002,7,3,28,12,July,0.4083704189661308,1.026481373397936
India,"Calendar Year (Jan - Dec), 2002","July, 2002",2002-07-26,1614159.21,23143686.34,251644.65,176077.05,1182681.95,17510888.64,3755.55634,643752.73,7250237.568,155331.68,488421.05,6005323.618,818291.63,14870756.57,2924.71,815366.92,14866712.37,342570.12,6665.88,197121.15,4087232.343,121357.3,2002,7,3,30,26,July,-0.11548889258272688,1.3882733257837065
India,"Calendar Year (Jan - Dec), 2002","August, 2002",2002-08-09,1623626.03,23143686.34,254481.64,172487.86,1193127.74,17510888.64,3528.78634,648945.7,7250237.568,154137.0,494808.7,6005323.618,820792.83,14870756.57,2937.55,817855.28,14866712.37,343292.15,6665.88,196070.53,4087232.343,119721.91,2002,8,3,32,9,August,0.5864861372627539,0.21076852820673952
India,"Calendar Year (Jan - Dec), 2002","August, 2002",2002-08-23,1630687.16,23143686.34,251638.43,176184.73,1199314.71,17510888.64,3549.28657,639941.59,7250237.568,134206.78,505734.81,6005323.618,820769.18,14870756.57,2925.61,817843.57,14866712.37,347331.39,6728.26,184083.26,4087232.343,109302.19,2002,8,3,34,23,August,0.4348987925501424,1.17661880704234
India,"Calendar Year (Jan - Dec), 2002","September, 2002",2002-09-06,1640459.42,23143686.34,252892.59,178267.91,1205812.31,17510888.64,3486.60657,644306.18,7250237.568,140632.11,503674.07,6005323.618,825404.07,14870756.57,2926.0,822478.07,14866712.37,352332.58,6728.26,188311.67,4087232.343,111555.1,2002,9,3,36,6,September,0.5992725177280445,1.4398900139719562
India,"Calendar Year (Jan - Dec), 2002","September, 2002",2002-09-20,1640376.07,23143686.34,250993.41,178484.26,1207440.89,17510888.64,3457.51013,636287.86,7250237.568,128186.95,508100.91,6005323.618,829657.98,14870756.57,2926.65,826731.33,14866712.37,349113.4,6790.13,181473.3,4087232.343,111317.48,2002,9,3,38,20,September,-0.0050808937413271416,-0.9136765041711459
India,"Calendar Year (Jan - Dec), 2002","October, 2002",2002-10-04,1654801.67,23143686.34,250566.53,186389.29,1213954.1,17510888.64,3891.75013,636225.59,7250237.568,124113.36,512112.23,6005323.618,843907.53,14870756.57,2972.44,840935.09,14866712.37,352105.97,6790.13,184227.55,4087232.343,111552.16,2002,10,4,40,4,October,0.8794080981685992,0.8571913882423177
India,"Calendar Year (Jan - Dec), 2002","October, 2002",2002-10-18,1658902.84,23143686.34,256682.71,182171.83,1216808.02,17510888.64,3240.28081,640112.39,7250237.568,120553.18,519559.21,6005323.618,838197.87,14870756.57,3106.16,835091.71,14866712.37,356274.72,6850.84,182532.98,4087232.343,111463.08,2002,10,4,42,18,October,0.24783453354866314,1.1839475485178497
India,"Calendar Year (Jan - Dec), 2002","November, 2002",2002-11-01,1669319.73,23143686.34,258048.59,185243.32,1222824.07,17510888.64,3203.75081,649407.52,7250237.568,142510.5,506897.02,6005323.618,847418.26,14870756.57,2942.64,844475.62,14866712.37,358580.86,6850.84,192937.75,4087232.343,114694.45,2002,11,4,44,1,November,0.627938523512328,0.6472926285648439
India,"Calendar Year (Jan - Dec), 2002","November, 2002",2002-11-15,1673840.24,23143686.34,264614.19,180741.15,1224904.4,17510888.64,3580.50081,648544.18,7250237.568,130938.82,517605.36,6005323.618,845456.42,14870756.57,2964.35,842492.07,14866712.37,364662.03,6850.84,191673.23,4087232.343,115115.88,2002,11,4,46,15,November,0.2707995310161415,1.6958992178221832
India,"Calendar Year (Jan - Dec), 2002","November, 2002",2002-11-29,1673515.58,23143686.34,258604.38,184942.12,1227059.31,17510888.64,2909.76893,647889.22,7250237.568,118133.61,529755.61,6005323.618,844664.95,14870756.57,3104.27,841560.68,14866712.37,369287.69,6906.77,195233.05,4087232.343,114807.28,2002,11,4,48,29,November,-0.019396116322301094,1.2684786513144752
India,"Calendar Year (Jan - Dec), 2002","December, 2002",2002-12-13,1677735.34,23143686.34,265147.83,184180.02,1225484.54,17510888.64,2922.94893,656910.98,7250237.568,123022.44,533888.54,6005323.618,846033.39,14870756.57,2960.4,843072.99,14866712.37,375943.01,6906.77,208058.81,4087232.343,119444.09,2002,12,4,50,13,December,0.2521494302431204,1.8022046713769502
India,"Calendar Year (Jan - Dec), 2002","December, 2002",2002-12-27,1681990.86,23143686.34,261249.67,189878.58,1228268.15,17510888.64,2594.45946,640297.46,7250237.568,110759.98,529537.48,6005323.618,858870.0,14870756.57,2963.21,855906.79,14866712.37,378629.06,6947.4,202753.06,4087232.343,120904.72,2002,12,4,52,27,December,0.25364668064988827,0.7144832936247347
India,"Calendar Year (Jan - Dec), 2003","January, 2003",2003-01-10,1690660.22,23143686.34,266420.24,183880.73,1237646.84,17510888.64,2712.40946,649614.37,7250237.568,120210.11,529404.26,6005323.618,862717.03,14870756.57,3001.82,859715.21,14866712.37,383152.49,6947.4,211771.07,4087232.343,125072.16,2003,1,1,2,10,January,0.5154225392164147,1.1946864300378834
India,"Calendar Year (Jan - Dec), 2003","January, 2003",2003-01-24,1693725.34,23143686.34,265469.32,185056.07,1240552.59,17510888.64,2647.35907,647621.02,7250237.568,107823.33,539797.69,6005323.618,858675.41,14870756.57,2925.04,855750.37,14866712.37,391432.79,6992.81,210996.69,4087232.343,127100.59,2003,1,1,4,24,January,0.18129722127135928,2.161097791639044
India,"Calendar Year (Jan - Dec), 2003","February, 2003",2003-02-07,1706449.36,23143686.34,270871.98,188762.69,1243921.97,17510888.64,2892.71907,655089.02,7250237.568,108507.63,546581.39,6005323.618,867658.52,14870756.57,2905.84,864752.68,14866712.37,397286.14,6992.81,220577.13,4087232.343,127204.67,2003,2,1,6,7,February,0.7512445908142373,1.495365270753135
India,"Calendar Year (Jan - Dec), 2003","February, 2003",2003-02-21,1707282.75,23143686.34,271380.61,190261.87,1242416.41,17510888.64,3223.85707,651390.77,7250237.568,101608.22,549782.55,6005323.618,869151.65,14870756.57,2915.77,866235.88,14866712.37,400723.28,7036.37,221019.32,4087232.343,125897.12,2003,2,1,8,21,February,0.04883766372063558,0.8651547723260711
India,"Calendar Year (Jan - Dec), 2003","March, 2003",2003-03-07,1716526.43,23143686.34,274916.05,190235.67,1248910.98,17510888.64,2463.72707,668037.31,7250237.568,119749.2,548288.11,6005323.618,875645.01,14870756.57,3223.28,872421.73,14866712.37,392480.3,7036.37,226672.56,4087232.343,129084.67,2003,3,1,10,7,March,0.5414264274619995,-2.057025486515296
India,"Calendar Year (Jan - Dec), 2003","March, 2003",2003-03-21,1720991.97,23143686.34,275529.36,197606.96,1244568.64,17510888.64,3287.01416,665486.8,7250237.568,109456.17,556030.63,6005323.618,898687.36,14870756.57,2972.15,895715.21,14866712.37,387555.52,7071.11,237808.82,4087232.343,124400.75,2003,3,1,12,21,March,0.26014979565447405,-1.2547839980758146
India,"Calendar Year (Jan - Dec), 2003","March, 2003",2003-03-31,1717936.37,23143686.34,271581.2,198757.32,1244378.78,17510888.64,3219.07416,676522.93,7250237.568,120679.41,555843.52,6005323.618,898980.68,14870756.57,3048.2,895932.48,14866712.37,393719.92,7071.11,258358.27,4087232.343,127169.92,2003,3,1,14,31,March,-0.17754876566913325,1.5905850083105522
India,"Calendar Year (Jan - Dec), 2003","April, 2003",2003-04-04,1764426.45,23143686.34,274652.77,215420.22,1270551.85,17510888.64,3801.61416,682262.3,7250237.568,105975.99,576286.31,6005323.618,913394.15,14870756.57,3010.92,910383.23,14866712.37,391162.48,7071.11,229463.59,4087232.343,121896.38,2003,4,2,14,4,April,2.706158435891304,-0.6495581935503814
India,"Calendar Year (Jan - Dec), 2003","April, 2003",2003-04-18,1770534.49,23143686.34,284168.66,206093.43,1277224.74,17510888.64,3047.66416,700029.33,7250237.568,127259.05,572770.28,6005323.618,901343.67,14870756.57,3001.34,898342.33,14866712.37,395859.0,7106.65,233804.16,4087232.343,123965.91,2003,4,2,16,18,April,0.34617708207673736,1.200657077335232
India,"Calendar Year (Jan - Dec), 2003","May, 2003",2003-05-02,1773947.47,23143686.34,284547.23,203153.62,1283309.44,17510888.64,2937.17537,713031.59,7250237.568,129458.36,583573.23,6005323.618,903009.86,14870756.57,2994.34,900015.52,14866712.37,402946.43,7106.65,252147.06,4087232.343,127238.79,2003,5,2,18,2,May,0.19276551907214667,1.7903925387574793
India,"Calendar Year (Jan - Dec), 2003","May, 2003",2003-05-16,1778785.12,23143686.34,293825.58,198290.09,1284015.77,17510888.64,2653.67537,709183.05,7250237.568,126876.42,582306.63,6005323.618,901147.14,14870756.57,2923.0,898224.14,14866712.37,408972.33,7106.65,247624.05,4087232.343,129696.26,2003,5,2,20,16,May,0.2727053693422077,1.4954593343834865
India,"Calendar Year (Jan - Dec), 2003","May, 2003",2003-05-30,1784695.75,23143686.34,289263.73,203816.16,1289181.95,17510888.64,2433.90712,710728.88,7250237.568,123545.03,587183.85,6005323.618,900417.21,14870756.57,3008.35,897408.86,14866712.37,418057.95,7140.94,251649.23,4087232.343,132029.21,2003,5,2,22,30,May,0.3322846550459113,2.2215732785638487
India,"Calendar Year (Jan - Dec), 2003","June, 2003",2003-06-13,1789364.18,23143686.34,294556.22,198727.41,1293380.22,17510888.64,2700.32712,707852.51,7250237.568,119303.82,588548.69,6005323.618,898191.05,14870756.57,3027.41,895163.64,14866712.37,420406.22,7140.94,244226.54,4087232.343,133612.94,2003,6,2,24,13,June,0.2615812807309048,0.56170920801768
India,"Calendar Year (Jan - Dec), 2003","June, 2003",2003-06-27,1802301.56,23143686.34,287475.66,209758.18,1301782.57,17510888.64,3285.15221,711926.44,7250237.568,116228.77,595697.67,6005323.618,905625.03,14870756.57,2975.43,902649.6,14866712.37,417596.73,7154.99,240001.63,4087232.343,127606.83,2003,6,2,26,27,June,0.7230154791631138,-0.6682798365828191
India,"Calendar Year (Jan - Dec), 2003","July, 2003",2003-07-11,1806133.78,23143686.34,290554.61,201591.36,1310290.06,17510888.64,3697.75221,720027.94,7250237.568,98420.99,621606.95,6005323.618,898648.96,14870756.57,2963.53,895685.43,14866712.37,420887.56,7154.99,240585.67,4087232.343,122408.21,2003,7,3,28,11,July,0.2126292339224234,0.788040174548299
India,"Calendar Year (Jan - Dec), 2003","July, 2003",2003-07-25,1806643.53,23143686.34,283868.54,201587.02,1317212.77,17510888.64,3975.20147,715856.59,7250237.568,96706.31,619150.28,6005323.618,900406.3,14870756.57,2945.24,897461.06,14866712.37,428628.39,7175.05,245422.8,4087232.343,124567.22,2003,7,3,30,25,July,0.02822326926414931,1.8391681616819477
India,"Calendar Year (Jan - Dec), 2003","August, 2003",2003-08-08,1815813.94,23143686.34,286759.1,199796.92,1325684.37,17510888.64,3573.55147,716769.54,7250237.568,85716.16,631053.38,6005323.618,903935.54,14870756.57,3447.36,900488.18,14866712.37,427885.18,7175.05,239951.37,4087232.343,119852.74,2003,8,3,32,8,August,0.5075937697571087,-0.17339262105340314
India,"Calendar Year (Jan - Dec), 2003","August, 2003",2003-08-22,1819432.69,23143686.34,284017.95,202010.55,1329867.68,17510888.64,3536.51147,709001.43,7250237.568,74785.89,634215.54,6005323.618,897372.68,14870756.57,2950.57,894422.11,14866712.37,429107.07,7210.56,223259.05,4087232.343,106441.19,2003,8,3,34,22,August,0.19929079297629215,0.2855649265534277
India,"Calendar Year (Jan - Dec), 2003","September, 2003",2003-09-05,1833648.5,23143686.34,285716.55,205763.39,1338763.21,17510888.64,3405.35141,717572.03,7250237.568,73098.85,644473.18,6005323.618,904367.72,14870756.57,2977.73,901389.99,14866712.37,437937.37,7210.56,233439.18,4087232.343,110629.84,2003,9,3,36,5,September,0.7813320095947152,2.0578313939222603
India,"Calendar Year (Jan - Dec), 2003","September, 2003",2003-09-19,1831588.26,23143686.34,283583.04,203866.48,1340499.23,17510888.64,3639.51141,708118.78,7250237.568,63082.31,645036.47,6005323.618,907290.92,14870756.57,3013.63,904277.29,14866712.37,439564.04,7228.51,230613.99,4087232.343,115964.53,2003,9,3,38,19,September,-0.1123574120121762,0.37143895712759
India,"Calendar Year (Jan - Dec), 2003","October, 2003",2003-10-03,1845259.19,23143686.34,284644.52,225676.59,1330779.33,17510888.64,4158.74852,717875.22,7250237.568,76430.7,641444.52,6005323.618,929800.72,14870756.57,2990.31,926810.41,14866712.37,431862.05,7228.51,241507.31,4087232.343,115446.57,2003,10,4,40,3,October,0.7463975555292102,-1.7521883728250365
India,"Calendar Year (Jan - Dec), 2003","October, 2003",2003-10-17,1847176.34,23143686.34,289799.15,215817.66,1338118.26,17510888.64,3441.26852,714342.18,7250237.568,62623.97,651718.21,6005323.618,925312.31,14870756.57,2928.42,922383.89,14866712.37,447161.67,7228.51,246868.33,4087232.343,117100.78,2003,10,4,42,17,October,0.10389597355155988,3.5427099926932604
India,"Calendar Year (Jan - Dec), 2003","October, 2003",2003-10-31,1864860.64,23143686.34,293626.02,219927.54,1346484.99,17510888.64,4822.09278,721290.06,7250237.568,71209.9,650080.16,6005323.618,936902.32,14870756.57,2898.65,934003.67,14866712.37,452507.98,7252.02,253091.74,4087232.343,117003.08,2003,10,4,44,31,October,0.9573693435245945,1.1956100799068947
India,"Calendar Year (Jan - Dec), 2003","November, 2003",2003-11-14,1865358.58,23143686.34,298903.78,211569.47,1351631.11,17510888.64,3254.22278,724359.6,7250237.568,64353.08,660006.52,6005323.618,936353.23,14870756.57,2074.97,934278.26,14866712.37,457608.24,7252.02,260214.51,4087232.343,118508.86,2003,11,4,46,14,November,0.02670119092653689,1.1271094047888397
India,"Calendar Year (Jan - Dec), 2003","November, 2003",2003-11-28,1874905.09,23143686.34,297107.46,214922.76,1359539.85,17510888.64,3335.01722,728725.85,7250237.568,63838.67,664887.18,6005323.618,939820.89,14870756.57,2084.45,937736.44,14866712.37,473961.57,7262.27,274865.49,4087232.343,126053.95,2003,11,4,48,28,November,0.511778813058017,3.5736528695375025
India,"Calendar Year (Jan - Dec), 2003","December, 2003",2003-12-12,1887811.25,23143686.34,303736.27,217747.0,1362986.34,17510888.64,3341.63722,729047.44,7250237.568,59433.85,669613.59,6005323.618,943093.18,14870756.57,2090.11,941003.07,14866712.37,483576.92,7262.27,275168.56,4087232.343,127191.77,2003,12,4,50,12,December,0.6883633773696829,2.028719332666573
India,"Calendar Year (Jan - Dec), 2003","December, 2003",2003-12-26,1896289.38,23143686.34,300561.98,222642.23,1369420.47,17510888.64,3664.6968,717161.99,7250237.568,50575.96,666586.03,6005323.618,955251.44,14870756.57,2079.9,953171.54,14866712.37,489495.96,7271.86,272891.87,4087232.343,130656.81,2003,12,4,52,26,December,0.4490983937085913,1.2240120971861224
India,"Calendar Year (Jan - Dec), 2004","January, 2004",2004-01-09,1923762.74,23143686.34,305848.64,222521.27,1392105.19,17510888.64,3287.6368,730234.52,7250237.568,48161.16,682073.36,6005323.618,968319.23,14870756.57,2156.5,966162.73,14866712.37,503307.19,7271.86,285370.06,4087232.343,138354.71,2004,1,1,2,9,January,1.4487957528929618,2.821520733286542
India,"Calendar Year (Jan - Dec), 2004","January, 2004",2004-01-23,1922667.54,23143686.34,306028.0,219230.01,1393974.58,17510888.64,3434.9468,724269.88,7250237.568,52409.44,671860.44,6005323.618,968300.21,14870756.57,2064.35,966235.86,14866712.37,503786.62,7280.47,280969.64,4087232.343,134133.0,2004,1,1,4,23,January,-0.05693009731543297,0.09525594100889823
India,"Calendar Year (Jan - Dec), 2004","February, 2004",2004-02-06,1945964.97,23143686.34,310974.5,229551.54,1401880.2,17510888.64,3558.73379,732771.99,7250237.568,38110.77,694661.22,6005323.618,982067.19,14870756.57,2058.53,980008.66,14866712.37,513593.09,7280.47,289747.77,4087232.343,134154.7,2004,2,1,6,6,February,1.2117243109019293,1.946552292317727
India,"Calendar Year (Jan - Dec), 2004","February, 2004",2004-02-20,1959388.1,23143686.34,312890.55,231874.69,1411176.65,17510888.64,3446.21379,734448.14,7250237.568,37468.82,696979.32,6005323.618,984276.18,14870756.57,2061.12,982215.06,14866712.37,518330.96,7291.19,284958.37,4087232.343,132736.49,2004,2,1,8,20,February,0.6897929925223645,0.9224948879277273
India,"Calendar Year (Jan - Dec), 2004","March, 2004",2004-03-05,1978112.37,23143686.34,315962.23,236153.64,1422721.78,17510888.64,3274.72242,744034.05,7250237.568,36429.81,707604.24,6005323.618,994126.02,14870756.57,2062.77,992063.25,14866712.37,525327.54,7291.19,292666.43,4087232.343,130847.39,2004,3,1,10,5,March,0.9556182361217802,1.3498286886046706
India,"Calendar Year (Jan - Dec), 2004","March, 2004",2004-03-19,1999596.73,23143686.34,317468.48,256185.11,1421759.06,17510888.64,4184.08242,723108.52,7250237.568,27483.2,695625.32,6005323.618,1010746.92,14870756.57,2042.76,1008704.16,14866712.37,539578.97,7295.72,281133.4,4087232.343,128350.6,2004,3,1,12,19,March,1.0861041225883383,2.7128655771597066
India,"Calendar Year (Jan - Dec), 2004","March, 2004",2004-03-31,2005653.55,23143686.34,314971.04,258626.01,1426959.68,17510888.64,5096.82003999999,742903.84,7250237.568,44907.44,697996.4,6005323.618,1016150.53,14870756.57,2061.34,1014089.19,14866712.37,526592.54,7295.72,287289.08,4087232.343,107613.17,2004,3,1,14,31,March,0.3029020756600387,-2.406770968112404
India,"Calendar Year (Jan - Dec), 2004","April, 2004",2004-04-02,2044847.53,23143686.34,314976.94,277777.87,1447743.14,17510888.64,4349.58004,729737.91,7250237.568,23279.13,706458.78,6005323.618,1044340.91,14870756.57,2073.37,1042267.54,14866712.37,529481.44,7295.72,266008.45,4087232.343,110198.63,2004,4,2,14,2,April,1.9541749870011227,0.5486025305257769
India,"Calendar Year (Jan - Dec), 2004","April, 2004",2004-04-16,2044875.11,23143686.34,328524.62,252755.81,1459790.87,17510888.64,3803.81004,735090.74,7250237.568,-1646.9,736737.64,6005323.618,1030863.3,14870756.57,2024.35,1028838.95,14866712.37,552398.93,7295.72,280773.58,4087232.343,106378.21,2004,4,2,16,16,April,0.0013487558165214963,4.328289580839728
India,"Calendar Year (Jan - Dec), 2004","April, 2004",2004-04-30,2058184.36,23143686.34,329602.245532,254496.046785,1470303.977231,17510888.64,3782.09392,748573.53,7250237.568,13360.93,735212.6,6005323.618,1039003.57,14870756.57,2021.85,1036981.72,14866712.37,562185.56,7313.71,298892.01,4087232.343,111066.07,2004,4,2,18,30,April,0.6508588194415355,1.7716598401086747
India,"Calendar Year (Jan - Dec), 2004","May, 2004",2004-05-14,2056695.81,23143686.34,336433.065532,247898.626785,1468706.217231,17510888.64,3657.90392,745872.91,7250237.568,8921.19,736951.72,6005323.618,1036465.18,14870756.57,2020.7,1034444.48,14866712.37,574980.25,7313.71,307936.24,4087232.343,120663.07,2004,5,2,20,14,May,-0.07232345308464394,2.275883784706245
India,"Calendar Year (Jan - Dec), 2004","May, 2004",2004-05-28,2056233.18,23143686.34,331555.660404,244640.404084,1476261.28817,17510888.64,3775.8322,748479.26,7250237.568,4258.99,744220.27,6005323.618,1030891.6,14870756.57,2115.89,1028775.71,14866712.37,579680.53,7324.36,310142.57,4087232.343,128520.44,2004,5,2,22,28,May,-0.022493846574234144,0.8174680782513821
India,"Calendar Year (Jan - Dec), 2004","June, 2004",2004-06-11,2059307.93,23143686.34,335987.250404,239852.604084,1479972.57817,17510888.64,3495.5022,752243.77,7250237.568,12353.61,739890.16,6005323.618,1034080.16,14870756.57,1921.25,1032158.91,14866712.37,574610.51,7324.36,308950.87,4087232.343,121529.68,2004,6,2,24,11,June,0.1495331380656051,-0.8746231307786068
India,"Calendar Year (Jan - Dec), 2004","June, 2004",2004-06-25,2063130.48,23143686.34,329742.265738,243767.650853,1485992.756,17510888.64,3627.80898,751679.4,7250237.568,10764.22,740915.18,6005323.618,1044563.31,14870756.57,1889.5,1042673.81,14866712.37,575792.63,7332.54,316237.4,4087232.343,134857.9,2004,6,2,26,25,June,0.185623040843641,0.2057254400028352
India,"Calendar Year (Jan - Dec), 2004","July, 2004",2004-07-09,2070813.54,23143686.34,331491.455738,238583.400853,1496124.536,17510888.64,4614.14898,754967.67,7250237.568,1269.69,753697.98,6005323.618,1047712.57,14870756.57,1889.5,1045823.07,14866712.37,580585.66,7332.54,319784.9,4087232.343,136685.51,2004,7,3,28,9,July,0.3723981626213124,0.8324229506029068
India,"Calendar Year (Jan - Dec), 2004","July, 2004",2004-07-23,2062635.26,23143686.34,326322.015007,238527.290228,1493249.548291,17510888.64,4536.40898,755470.27,7250237.568,2362.94,753107.33,6005323.618,1042967.34,14870756.57,1889.5,1041077.84,14866712.37,580395.3,7339.31,323536.95,4087232.343,136995.84,2004,7,3,30,23,July,-0.3949307768192467,-0.03278758211148203
India,"Calendar Year (Jan - Dec), 2004","August, 2004",2004-08-06,2076541.33,23143686.34,326960.405007,247369.800228,1497539.058291,17510888.64,4672.07092,762438.66,7250237.568,6322.09,756116.57,6005323.618,1055773.44,14870756.57,1889.5,1053883.94,14866712.37,581908.1,7339.31,330918.17,4087232.343,141976.51,2004,8,3,32,6,August,0.6741894832147821,0.26064993979102447
India,"Calendar Year (Jan - Dec), 2004","August, 2004",2004-08-20,2083161.33,23143686.34,326009.275125,256391.014019,1496297.953234,17510888.64,4463.09092,753952.09,7250237.568,10579.65,743372.44,6005323.618,1063039.23,14870756.57,1889.5,1061149.73,14866712.37,578880.75,7339.3,320050.04,4087232.343,137125.53,2004,8,3,34,20,August,0.3187993373577669,-0.5202453789524442
India,"Calendar Year (Jan - Dec), 2004","September, 2004",2004-09-03,2081704.47,23143686.34,326521.605125,248011.784019,1502683.363234,17510888.64,4487.71511,756387.62,7250237.568,9000.97,747386.65,6005323.618,1070396.9,14870756.57,1889.5,1068507.4,14866712.37,572435.23,7339.3,324854.58,4087232.343,130646.92,2004,9,3,36,3,September,-0.06993505394995436,-1.1134452130253103
India,"Calendar Year (Jan - Dec), 2004","September, 2004",2004-09-17,2089561.23,23143686.34,326580.133309,247243.461162,1511355.283492,17510888.64,4382.35511,740488.41,7250237.568,4585.49,735902.92,6005323.618,1092049.79,14870756.57,1889.5,1090160.29,14866712.37,574456.87,7341.46,324775.29,4087232.343,128973.22,2004,9,3,38,17,September,0.37741956714922864,0.35316484626566336
India,"Calendar Year (Jan - Dec), 2004","October, 2004",2004-10-01,2111522.31,23143686.34,321557.843309,261815.151162,1521138.363492,17510888.64,7010.95242,743398.57,7250237.568,8694.18,734704.39,6005323.618,1110009.01,14870756.57,1889.5,1108119.51,14866712.37,579625.45,7341.46,328852.18,4087232.343,134000.43,2004,10,4,40,1,October,1.0509900205221578,0.8997333429052734
India,"Calendar Year (Jan - Dec), 2004","October, 2004",2004-10-15,2114948.43,23143686.34,330660.003309,261301.341162,1516345.593492,17510888.64,6641.49242,754785.81,7250237.568,20865.0,733920.81,6005323.618,1143199.93,14870756.57,1889.5,1141310.43,14866712.37,580534.07,7341.46,370912.84,4087232.343,135590.83,2004,10,4,42,15,October,0.16225829032325834,0.15675985241849766
India,"Calendar Year (Jan - Dec), 2004","October, 2004",2004-10-29,2113298.2,23143686.34,330702.026486,275575.385019,1500548.534037,17510888.64,6472.2535,752730.0,7250237.568,22554.01,730175.99,6005323.618,1152095.7,14870756.57,1889.5,1150206.2,14866712.37,582742.3,7360.97,381630.78,4087232.343,136714.02,2004,10,4,44,29,October,-0.07802696163139444,0.3803790533775331
India,"Calendar Year (Jan - Dec), 2004","November, 2004",2004-11-12,2110561.67,23143686.34,348834.006486,252538.935019,1502429.834037,17510888.64,6758.8935,745537.04,7250237.568,30737.22,714799.82,6005323.618,1161245.63,14870756.57,2409.07,1158836.56,14866712.37,590198.96,7360.97,393780.94,4087232.343,138882.98,2004,11,4,46,12,November,-0.12949095399789057,1.279581042941258
India,"Calendar Year (Jan - Dec), 2004","November, 2004",2004-11-26,2119611.13,23143686.34,342657.128443,259857.540494,1512717.580921,17510888.64,4378.88143,746396.61,7250237.568,18204.31,728192.3,6005323.618,1169165.34,14870756.57,1889.5,1167275.84,14866712.37,603342.42,7374.35,406667.59,4087232.343,142839.2,2004,11,4,48,26,November,0.42877022399445686,2.226954110525714
India,"Calendar Year (Jan - Dec), 2004","December, 2004",2004-12-10,2134797.73,23143686.34,346000.048443,260679.040494,1523884.240921,17510888.64,4234.40143,742038.83,7250237.568,5100.85,736937.98,6005323.618,1178703.03,14870756.57,1889.5,1176813.53,14866712.37,610133.16,7374.35,403451.64,4087232.343,136981.67,2004,12,4,50,10,December,0.7164804800775082,1.1255200653718322
India,"Calendar Year (Jan - Dec), 2004","December, 2004",2004-12-24,2144693.26,23143686.34,342050.325207,263259.504933,1534687.329296,17510888.64,4696.10143,732824.2,7250237.568,4769.71,728054.49,6005323.618,1196053.91,14870756.57,1889.5,1194164.41,14866712.37,607351.47,7430.8,398967.11,4087232.343,132889.41,2004,12,4,52,24,December,0.4635347818174651,-0.45591523004585577
India,"Calendar Year (Jan - Dec), 2005","January, 2005",2005-01-07,2184825.54,23143686.34,345209.575207,265500.084933,1569591.559296,17510888.64,4524.31856,752167.81,7250237.568,-2264.89,754432.7,6005323.618,1209020.49,14870756.57,1889.5,1207130.99,14866712.37,598809.95,7430.8,382603.5,4087232.343,123086.08,2005,1,1,1,7,January,1.8712363557294998,-1.4063553678399843
India,"Calendar Year (Jan - Dec), 2005","January, 2005",2005-01-21,2206220.15,23143686.34,347068.027361,264737.361367,1588929.766331,17510888.64,5484.99381,761942.25,7250237.568,14187.23,747755.02,6005323.618,1226757.49,14870756.57,1889.5,1224867.99,14866712.37,599555.34,7435.81,389470.74,4087232.343,124388.33,2005,1,1,3,21,January,0.9792365389503788,0.12447855951625009
India,"Calendar Year (Jan - Dec), 2005","February, 2005",2005-02-04,2220950.37,23143686.34,347999.257361,275403.791367,1593153.966331,17510888.64,4393.35381,762471.45,7250237.568,12560.08,749911.37,6005323.618,1232883.15,14870756.57,1389.5,1231493.65,14866712.37,593523.58,7435.81,375363.62,4087232.343,117455.65,2005,2,1,5,4,February,0.6676677302580147,-1.006038908768625
India,"Calendar Year (Jan - Dec), 2005","February, 2005",2005-02-18,2215125.47,23143686.34,349730.272351,273894.644472,1587155.244526,17510888.64,4345.30586,754669.75,7250237.568,-2037.33,756707.08,6005323.618,1233142.99,14870756.57,1389.5,1231753.49,14866712.37,615817.51,7434.93,395939.71,4087232.343,126751.6,2005,2,1,7,18,February,-0.26227060625402254,3.756199543074601
India,"Calendar Year (Jan - Dec), 2005","March, 2005",2005-03-04,2237749.46,23143686.34,352321.542351,285349.964472,1595676.064526,17510888.64,4401.88586,760617.68,7250237.568,-16076.73,776694.41,6005323.618,1248275.57,14870756.57,1389.5,1246886.07,14866712.37,634225.9,7434.93,412804.62,4087232.343,128410.87,2005,3,1,9,4,March,1.0213412425797985,2.989260568443397
India,"Calendar Year (Jan - Dec), 2005","March, 2005",2005-03-18,2242316.47,23143686.34,357678.398582,284739.755896,1594536.625617,17510888.64,5361.68586,741208.06,7250237.568,-30023.61,771231.67,6005323.618,1274373.74,14870756.57,1389.5,1272984.24,14866712.37,651009.03,7447.96,431722.31,4087232.343,130472.14,2005,3,1,11,18,March,0.204089424738374,2.6462385090233687
India,"Calendar Year (Jan - Dec), 2005","March, 2005",2005-03-31,2245652.66,23143686.34,356313.638582,286998.035896,1595887.035617,17510888.64,6453.9494,752435.92,7250237.568,-17974.63,770410.55,6005323.618,1275911.71,14870756.57,1389.5,1274522.21,14866712.37,649259.29,7447.96,439402.21,4087232.343,119804.28,2005,3,1,13,31,March,0.14878319116122807,-0.26877353759593436
India,"Calendar Year (Jan - Dec), 2005","April, 2005",2005-04-01,2326870.21,23143686.34,355321.648582,323206.625896,1642046.905617,17510888.64,6295.0294,744376.09,7250237.568,-27662.13,772038.22,6005323.618,1326920.99,14870756.57,1389.5,1325531.49,14866712.37,647907.26,7447.96,399782.08,4087232.343,123242.63,2005,4,2,13,1,April,3.6166568163751522,-0.20824191826350757
India,"Calendar Year (Jan - Dec), 2005","April, 2005",2005-04-15,2330423.85,23143686.34,370105.178582,302505.835896,1653130.405617,17510888.64,4682.4294,763758.44,7250237.568,-4540.97,768299.41,6005323.618,1302592.68,14870756.57,1389.5,1301203.18,14866712.37,650515.41,7447.96,393890.63,4087232.343,126213.07,2005,4,2,15,15,April,0.15272188301385103,0.4025498957983542
India,"Calendar Year (Jan - Dec), 2005","April, 2005",2005-04-29,2331405.61,23143686.34,371883.534514,300964.998973,1654095.304671,17510888.64,4461.7738,771716.79,7250237.568,-1198.72,772915.51,6005323.618,1302748.56,14870756.57,1389.5,1301359.06,14866712.37,649560.12,7435.39,400055.26,4087232.343,125287.81,2005,4,2,17,29,April,0.04212795882601039,-0.14685124830479124
India,"Calendar Year (Jan - Dec), 2005","May, 2005",2005-05-13,2341282.58,23143686.34,382723.034514,291338.738973,1662973.424671,17510888.64,4247.3838,768695.81,7250237.568,7612.42,761083.39,6005323.618,1314565.19,14870756.57,1389.5,1313175.69,14866712.37,639044.68,7435.39,388458.5,4087232.343,113270.64,2005,5,2,19,13,May,0.4236487189374305,-1.6188555418088058
India,"Calendar Year (Jan - Dec), 2005","May, 2005",2005-05-27,2329937.4,23143686.34,377253.641594,287596.511133,1660785.511733,17510888.64,4301.7384,761740.98,7250237.568,-16066.67,777807.65,6005323.618,1310442.88,14870756.57,1389.5,1309053.38,14866712.37,638786.06,7495.28,388527.8,4087232.343,111537.85,2005,5,2,21,27,May,-0.48457115330351463,-0.040469783740315624
India,"Calendar Year (Jan - Dec), 2005","June, 2005",2005-06-10,2338330.07,23143686.34,381274.311594,288888.271133,1663805.391733,17510888.64,4362.0984,764802.68,7250237.568,-769.84,765572.52,6005323.618,1320447.87,14870756.57,1389.5,1319058.37,14866712.37,633035.03,7495.28,387450.79,4087232.343,105886.82,2005,6,2,23,10,June,0.36021010693247923,-0.9003061212700891
India,"Calendar Year (Jan - Dec), 2005","June, 2005",2005-06-24,2346564.23,23143686.34,375745.201817,297823.310351,1668560.593238,17510888.64,4435.122,759210.4,7250237.568,-8699.22,767909.62,6005323.618,1334521.13,14870756.57,1389.5,1333131.63,14866712.37,635883.88,7831.93,390883.11,4087232.343,108847.24,2005,6,2,25,24,June,0.35213848145911886,0.4500303877338352
India,"Calendar Year (Jan - Dec), 2005","July, 2005",2005-07-08,2356904.67,23143686.34,377060.262636,293666.08604,1681306.714827,17510888.64,4871.602,763664.67,7250237.568,-5259.0,768923.67,6005323.618,1347947.73,14870756.57,1386.87,1346560.86,14866712.37,628149.77,7831.93,390689.44,4087232.343,100670.17,2005,7,3,27,8,July,0.440662985815643,-1.2162770976361315
India,"Calendar Year (Jan - Dec), 2005","July, 2005",2005-07-22,2358445.71,23143686.34,371406.419889,297669.208268,1684437.199365,17510888.64,4932.882,763420.09,7250237.568,-7509.09,770929.18,6005323.618,1346900.74,14870756.57,1386.87,1345513.87,14866712.37,627715.03,8189.56,387779.71,4087232.343,98087.66,2005,7,3,29,22,July,0.06538406154543708,-0.06920960903957774
India,"Calendar Year (Jan - Dec), 2005","August, 2005",2005-08-05,2386151.62,23143686.34,371334.329889,319563.468268,1690088.349365,17510888.64,5165.4762,767670.28,7250237.568,-32684.05,800354.33,6005323.618,1364313.74,14870756.57,1386.87,1362926.87,14866712.37,651281.85,8189.56,405303.8,4087232.343,103786.24,2005,8,3,31,5,August,1.174752926578937,3.7543819844492177
India,"Calendar Year (Jan - Dec), 2005","August, 2005",2005-08-19,2385544.65,23143686.34,371923.815179,305789.30538,1703050.806273,17510888.64,4780.7262,757255.33,7250237.568,-25507.71,782763.04,6005323.618,1369911.75,14870756.57,1386.87,1368524.88,14866712.37,655501.65,8182.84,405306.91,4087232.343,100652.13,2005,8,3,33,19,August,-0.02543719329957117,0.6479222474877977
India,"Calendar Year (Jan - Dec), 2005","September, 2005",2005-09-02,2404623.04,23143686.34,367746.215179,310213.48538,1721210.316273,17510888.64,5453.0206,760001.89,7250237.568,-35755.71,795757.6,6005323.618,1385828.61,14870756.57,1386.87,1384441.74,14866712.37,671000.92,8182.84,420391.22,4087232.343,116418.87,2005,9,3,35,2,September,0.7997498600581743,2.364489852924101
India,"Calendar Year (Jan - Dec), 2005","September, 2005",2005-09-16,2405097.36,23143686.34,371379.735179,306442.99538,1722338.006273,17510888.64,4936.6206,759631.71,7250237.568,-26305.63,785937.34,6005323.618,1399797.0,14870756.57,1386.87,1398410.13,14866712.37,664112.23,8182.84,426626.42,4087232.343,109533.96,2005,9,3,37,16,September,0.019725337074039118,-1.026628994785883
India,"Calendar Year (Jan - Dec), 2005","September, 2005",2005-09-30,2469629.64,23143686.34,364838.409299,339802.781802,1759796.408734,17510888.64,5192.0443,754589.27,7250237.568,-33949.89,788539.16,6005323.618,1453563.01,14870756.57,1386.87,1452176.14,14866712.37,659942.32,8741.43,407206.4,4087232.343,106398.2,2005,9,3,39,30,September,2.683146265646408,-0.6278923669272074
India,"Calendar Year (Jan - Dec), 2005","October, 2005",2005-10-14,2461278.97,23143686.34,378968.339299,322298.301802,1754945.598734,17510888.64,5066.7343,764340.99,7250237.568,-11333.49,775674.48,6005323.618,1446503.72,14870756.57,1386.87,1445116.85,14866712.37,673986.07,8741.43,432293.25,4087232.343,120853.04,2005,10,4,41,14,October,-0.3381345066785002,2.1280268857435836
India,"Calendar Year (Jan - Dec), 2005","October, 2005",2005-10-28,2471003.04,23143686.34,380729.266155,323389.458672,1762275.475568,17510888.64,4608.839,765336.3,7250237.568,-19814.5,785150.8,6005323.618,1460044.45,14870756.57,1386.87,1458657.58,14866712.37,678215.94,8675.02,441268.67,4087232.343,124227.21,2005,10,4,43,28,October,0.39508199267634936,0.627590122151922
India,"Calendar Year (Jan - Dec), 2005","November, 2005",2005-11-11,2480617.54,23143686.34,392792.406155,319686.548672,1763635.665568,17510888.64,4502.919,764217.61,7250237.568,-7012.91,771230.52,6005323.618,1474930.81,14870756.57,1846.32,1473084.49,14866712.37,681883.91,8675.02,449089.81,4087232.343,128643.46,2005,11,4,45,11,November,0.38909300572935734,0.5408262742984338
India,"Calendar Year (Jan - Dec), 2005","November, 2005",2005-11-25,2488805.41,23143686.34,388157.47798,324070.538166,1771770.27068,17510888.64,4807.1252,766761.41,7250237.568,-7871.54,774632.95,6005323.618,1480796.8,14870756.57,1386.87,1479409.93,14866712.37,681455.64,8617.68,448826.11,4087232.343,127218.81,2005,11,4,47,25,November,0.33007385733474504,-0.06280687866648815
India,"Calendar Year (Jan - Dec), 2005","December, 2005",2005-12-09,2504496.5,23143686.34,395510.48798,326060.908166,1778392.46068,17510888.64,4532.6452,770463.15,7250237.568,-5338.52,775801.67,6005323.618,1495883.62,14870756.57,1386.87,1494496.75,14866712.37,696326.08,8617.68,466794.02,4087232.343,139753.73,2005,12,4,49,9,December,0.6304667266051833,2.182158181272076
India,"Calendar Year (Jan - Dec), 2005","December, 2005",2005-12-23,2515541.18,23143686.34,395034.61219,337842.633259,1778219.307409,17510888.64,4444.6252,749034.24,7250237.568,-14071.22,763105.46,6005323.618,1515998.6,14870756.57,1521.87,1514476.73,14866712.37,687645.47,8641.45,445778.57,4087232.343,124580.96,2005,12,4,51,23,December,0.4409940281409952,-1.2466300271275155
India,"Calendar Year (Jan - Dec), 2006","January, 2006",2006-01-06,2524706.29,23143686.34,398484.15219,339931.923259,1781687.467409,17510888.64,4602.7465,774666.85,7250237.568,18940.77,755726.08,6005323.618,1525920.51,14870756.57,1386.87,1524533.64,14866712.37,659303.38,8641.45,443825.89,4087232.343,127230.32,2006,1,1,1,6,January,0.3643394937386635,-4.12161371469516
India,"Calendar Year (Jan - Dec), 2006","January, 2006",2006-01-20,2522766.06,23143686.34,402775.886187,339655.286403,1775779.167437,17510888.64,4555.7165,776482.55,7250237.568,27322.75,749159.8,6005323.618,1540350.99,14870756.57,2339.34,1538011.65,14866712.37,655718.06,7590.34,457375.88,4087232.343,124329.6,2006,1,1,3,20,January,-0.07684973130082096,-0.543804280208593
India,"Calendar Year (Jan - Dec), 2006","February, 2006",2006-02-03,2549413.77,23143686.34,404346.316187,358357.726403,1781896.007437,17510888.64,4813.7213,781303.98,7250237.568,26299.85,755004.13,6005323.618,1564722.79,14870756.57,1917.6,1562805.19,14866712.37,655817.08,7590.34,460020.42,4087232.343,121984.41,2006,2,1,5,3,February,1.0562893810296403,0.015101002403361541
India,"Calendar Year (Jan - Dec), 2006","February, 2006",2006-02-17,2567960.25,23143686.34,410361.091334,355224.531942,1797579.329481,17510888.64,4795.3013,773948.55,7250237.568,24754.49,749194.06,6005323.618,1578162.29,14870756.57,1741.12,1576421.17,14866712.37,665243.85,7608.95,457003.39,4087232.343,123195.37,2006,2,1,7,17,February,0.7274801845916112,1.4374084310216473
India,"Calendar Year (Jan - Dec), 2006","March, 2006",2006-03-03,2598125.6,23143686.34,412334.311334,366072.711942,1814676.729481,17510888.64,5041.8452,778209.24,7250237.568,32871.21,745338.03,6005323.618,1601434.73,14870756.57,1629.23,1599805.5,14866712.37,672557.52,7608.95,461684.84,4087232.343,126418.53,2006,3,1,9,3,March,1.1746813448533677,1.0993968602641013
India,"Calendar Year (Jan - Dec), 2006","March, 2006",2006-03-17,2615293.14,23143686.34,419062.131334,362111.951942,1828398.409481,17510888.64,5720.6452,769493.86,7250237.568,24836.12,744657.74,6005323.618,1625705.1,14870756.57,1434.69,1624270.41,14866712.37,686747.75,7608.95,474262.52,4087232.343,129203.3,2006,3,1,11,17,March,0.6607663617186121,2.109890913122192
India,"Calendar Year (Jan - Dec), 2006","March, 2006",2006-03-31,2719493.2,23143686.34,412123.919774,407422.700239,1893103.757781,17510888.64,6842.8262,759416.33,7250237.568,6599.06,752817.27,6005323.618,1688681.41,14870756.57,1386.87,1687294.54,14866712.37,726196.92,7656.17,462457.61,4087232.343,122491.66,2006,3,1,13,31,March,3.984259294160819,5.7443464503524
India,"Calendar Year (Jan - Dec), 2006","April, 2006",2006-04-14,2728251.96,23143686.34,426190.060574,400396.493839,1895024.903081,17510888.64,6640.5062,783562.47,7250237.568,-9753.17,793315.64,6005323.618,1669061.13,14870756.57,1386.87,1667674.26,14866712.37,752395.14,7656.17,484422.94,4087232.343,139222.18,2006,4,2,15,14,April,0.32207324511785984,3.607591725946735
India,"Calendar Year (Jan - Dec), 2006","April, 2006",2006-04-28,2763490.59,23143686.34,431727.031966,413382.624731,1911762.534576,17510888.64,6618.396,799379.02,7250237.568,17928.76,781450.26,6005323.618,1668079.78,14870756.57,1386.87,1666692.91,14866712.37,772260.99,7709.1,483938.3,4087232.343,153313.03,2006,4,2,17,28,April,1.2916193414922006,2.6403479958682308
India,"Calendar Year (Jan - Dec), 2006","May, 2006",2006-05-12,2764081.83,23143686.34,441580.343566,372428.792931,1943446.654176,17510888.64,6626.036,787128.6,7250237.568,11510.15,775618.45,6005323.618,1669459.4,14870756.57,1386.87,1668072.53,14866712.37,787311.09,7709.1,487526.36,4087232.343,164634.06,2006,5,2,19,12,May,0.0213946811376875,1.948835975775487
India,"Calendar Year (Jan - Dec), 2006","May, 2006",2006-05-26,2770292.4,23143686.34,436245.022483,373440.797976,1954223.223393,17510888.64,6383.3549,788689.42,7250237.568,7733.87,780955.55,6005323.618,1675829.5,14870756.57,1386.87,1674442.63,14866712.37,794535.41,7748.9,496510.83,4087232.343,170984.63,2006,5,2,21,26,May,0.22468835519242614,0.917594085966722
India,"Calendar Year (Jan - Dec), 2006","June, 2006",2006-06-09,2783260.03,23143686.34,441755.807683,369484.987576,1965645.297093,17510888.64,6373.9349,795460.05,7250237.568,10744.44,784715.61,6005323.618,1688938.99,14870756.57,1386.87,1687552.12,14866712.37,797901.95,7748.9,506789.86,4087232.343,172796.97,2006,6,2,23,9,June,0.4680960753456809,0.4237117638344001
India,"Calendar Year (Jan - Dec), 2006","June, 2006",2006-06-23,2774555.48,23143686.34,437135.357295,364167.530245,1968024.068631,17510888.64,5228.5229,783636.58,7250237.568,8189.34,775447.24,6005323.618,1703337.04,14870756.57,1386.87,1701950.17,14866712.37,784282.72,7792.04,504492.91,4087232.343,178405.56,2006,6,2,25,23,June,-0.3127465600114898,-1.7068801498730468
India,"Calendar Year (Jan - Dec), 2006","July, 2006",2006-07-07,2814633.16,23143686.34,437076.375595,374277.089845,1997401.543531,17510888.64,5878.1529,802325.86,7250237.568,-2191.21,804517.07,6005323.618,1723763.88,14870756.57,1384.23,1722379.65,14866712.37,788839.16,7792.04,508087.79,4087232.343,177112.73,2006,7,3,27,7,July,1.4444721069336808,0.5809690668691525
India,"Calendar Year (Jan - Dec), 2006","July, 2006",2006-07-21,2827300.04,23143686.34,435387.842714,368156.639491,2018027.466458,17510888.64,5728.0905,798917.85,7250237.568,-1237.05,800154.9,6005323.618,1733124.3,14870756.57,1384.23,1731740.07,14866712.37,800320.06,7823.75,512885.92,4087232.343,188512.49,2006,7,3,29,21,July,0.45003662217921736,1.4554170966867286
India,"Calendar Year (Jan - Dec), 2006","August, 2006",2006-08-04,2857926.53,23143686.34,435020.517514,371223.487491,2045869.014958,17510888.64,5813.5105,806458.91,7250237.568,-768.99,807227.9,6005323.618,1747116.93,14870756.57,1384.23,1745732.7,14866712.37,807423.98,7823.75,510897.04,4087232.343,193965.17,2006,8,3,31,4,August,1.083241593276374,0.8876348794755851
India,"Calendar Year (Jan - Dec), 2006","August, 2006",2006-08-18,2884800.12,23143686.34,437839.316484,380948.24523,2060246.980425,17510888.64,5765.573,796552.44,7250237.568,-1251.79,797804.23,6005323.618,1768864.94,14870756.57,1384.23,1767480.71,14866712.37,804506.63,7856.63,492980.52,4087232.343,184710.22,2006,8,3,33,18,August,0.9403177344800451,-0.3613157488832508
India,"Calendar Year (Jan - Dec), 2006","September, 2006",2006-09-01,2901356.49,23143686.34,432521.432684,383723.61543,2079220.454625,17510888.64,5890.983,798473.02,7250237.568,-7604.21,806077.23,6005323.618,1791021.78,14870756.57,1384.23,1789637.55,14866712.37,810402.76,7856.63,506397.71,4087232.343,189415.71,2006,9,3,35,1,September,0.573917405411084,0.7328876829765907
India,"Calendar Year (Jan - Dec), 2006","September, 2006",2006-09-15,2901901.04,23143686.34,437528.068284,382177.42423,2076758.080125,17510888.64,5437.463,807037.03,7250237.568,6920.39,800116.64,6005323.618,1803334.01,14870756.57,1384.23,1801949.78,14866712.37,799824.92,7856.63,516151.56,4087232.343,180233.35,2006,9,3,37,15,September,0.018768807000335563,-1.3052571538626045
India,"Calendar Year (Jan - Dec), 2006","September, 2006",2006-09-29,2941656.54,23143686.34,434312.300323,407971.794985,2093696.443753,17510888.64,5676.0017,797493.24,7250237.568,11015.58,786477.66,6005323.618,1847682.17,14870756.57,1472.33,1846209.84,14866712.37,804474.94,7899.61,515893.42,4087232.343,177221.19,2006,9,3,39,29,September,1.3699812451219984,0.5813797349549787
India,"Calendar Year (Jan - Dec), 2006","October, 2006",2006-10-13,2929123.85,23143686.34,443471.342023,393891.999185,2086351.749153,17510888.64,5408.7617,804010.62,7250237.568,2775.82,801234.8,6005323.618,1825921.57,14870756.57,1384.23,1824537.34,14866712.37,795963.12,7899.61,504671.07,4087232.343,166413.1,2006,10,4,41,13,October,-0.42604191990408546,-1.0580590614792773
India,"Calendar Year (Jan - Dec), 2006","October, 2006",2006-10-27,2936386.74,23143686.34,451600.179495,398978.40756,2080814.764654,17510888.64,4993.3894,803897.77,7250237.568,10732.28,793165.49,6005323.618,1842432.41,14870756.57,1384.23,1841048.18,14866712.37,800818.08,7951.73,518713.25,4087232.343,171842.84,2006,10,4,43,27,October,0.24795434989886012,0.6099478578856621
India,"Calendar Year (Jan - Dec), 2006","November, 2006",2006-11-10,2954830.8,23143686.34,453974.622895,392766.01866,2103219.380554,17510888.64,4870.7794,799371.26,7250237.568,4016.95,795354.31,6005323.618,1859009.51,14870756.57,1384.23,1857625.28,14866712.37,793194.07,7951.73,504695.77,4087232.343,161996.89,2006,11,4,45,10,November,0.6281209402273724,-0.9520277064673732
India,"Calendar Year (Jan - Dec), 2006","November, 2006",2006-11-24,2981771.96,23143686.34,452355.971703,398243.651791,2125911.336664,17510888.64,5261.0046,803628.99,7250237.568,3426.46,800202.53,6005323.618,1871766.89,14870756.57,1384.23,1870382.66,14866712.37,820176.76,7990.44,521791.12,4087232.343,174923.13,2006,11,4,47,24,November,0.9117665891393845,3.4017765664839272
India,"Calendar Year (Jan - Dec), 2006","December, 2006",2006-12-08,3022594.07,23143686.34,460672.258103,404790.172491,2152373.201164,17510888.64,4758.4346,805366.45,7250237.568,4774.04,800592.41,6005323.618,1900288.8,14870756.57,1384.23,1898904.57,14866712.37,829387.71,7990.44,520439.34,4087232.343,178909.7,2006,12,4,49,8,December,1.3690553988575216,1.1230445007976098
India,"Calendar Year (Jan - Dec), 2006","December, 2006",2006-12-22,3005829.52,23143686.34,461784.402638,400030.265364,2138840.034123,17510888.64,5174.82,784243.35,7250237.568,-1738.29,785981.64,6005323.618,1927035.68,14870756.57,1515.16,1925520.52,14866712.37,847636.0,8027.37,561112.87,4087232.343,179744.81,2006,12,4,51,22,December,-0.5546411331376677,2.200212250552891
India,"Calendar Year (Jan - Dec), 2007","January, 2007",2007-01-05,3052930.52,23143686.34,465107.021138,409078.327564,2173447.553123,17510888.64,5297.62,800220.93,7250237.568,-311.79,800532.72,6005323.618,1956961.84,14870756.57,1485.58,1955476.26,14866712.37,843954.31,8027.37,556233.93,4087232.343,169229.22,2007,1,1,1,5,January,1.5669884032544878,-0.4343479984332821
India,"Calendar Year (Jan - Dec), 2007","January, 2007",2007-01-19,3067275.4,23143686.34,471986.545178,399577.536133,2190152.522913,17510888.64,5558.7984,805136.24,7250237.568,12242.06,792894.18,6005323.618,1962380.74,14870756.57,1906.58,1960474.16,14866712.37,851486.26,8064.29,559792.12,4087232.343,175686.43,2007,1,1,3,19,January,0.46987246863383625,0.8924594507965677
India,"Calendar Year (Jan - Dec), 2007","February, 2007",2007-02-02,3102964.08,23143686.34,472982.736278,426710.380333,2198219.467213,17510888.64,5051.4984,807308.29,7250237.568,12629.44,794678.85,6005323.618,1991301.27,14870756.57,1844.2,1989457.07,14866712.37,855937.13,8064.29,559646.89,4087232.343,171153.68,2007,2,1,5,2,February,1.163530343574637,0.5227177711593312
India,"Calendar Year (Jan - Dec), 2007","February, 2007",2007-02-16,3138836.78,23143686.34,482666.213645,437167.968167,2214325.960539,17510888.64,4676.6408,805463.29,7250237.568,-31.54,805494.83,6005323.618,2008937.78,14870756.57,1441.2,2007496.58,14866712.37,895048.8,8103.15,578716.24,4087232.343,174063.83,2007,2,1,7,16,February,1.156078480934264,4.5694559365592635
India,"Calendar Year (Jan - Dec), 2007","March, 2007",2007-03-02,3180176.71,23143686.34,484468.475645,439574.612967,2251196.154339,17510888.64,4937.4708,819025.26,7250237.568,-19801.34,838826.6,6005323.618,2043155.68,14870756.57,1384.23,2041771.45,14866712.37,923932.01,8103.15,614039.4,4087232.343,180557.37,2007,3,1,9,2,March,1.317046182949344,3.2269983491402865
India,"Calendar Year (Jan - Dec), 2007","March, 2007",2007-03-16,3199663.89,23143686.34,491155.114245,416827.019967,2286961.028339,17510888.64,4720.7267,815076.64,7250237.568,-3378.18,818454.82,6005323.618,2065324.85,14870756.57,1433.23,2063891.62,14866712.37,927706.14,8103.15,616546.9,4087232.343,185049.13,2007,3,1,11,16,March,0.612770351368308,0.4084856850018692
India,"Calendar Year (Jan - Dec), 2007","March, 2007",2007-03-30,3305718.1,23143686.34,483985.628607,477261.753377,2339116.339441,17510888.64,5354.3767,821960.41,7250237.568,-2801.91,824762.32,6005323.618,2129889.48,14870756.57,1537.23,2128352.25,14866712.37,913178.51,8160.57,567470.87,4087232.343,178998.16,2007,3,1,13,30,March,3.314542203368731,-1.5659732509693214
India,"Calendar Year (Jan - Dec), 2007","March, 2007",2007-03-31,3310038.32,23143686.34,482854.468607,477604.201077,2342112.835141,17510888.64,7466.8156,827626.49,7250237.568,2422.86,825203.63,6005323.618,2128862.36,14870756.57,1537.23,2127325.13,14866712.37,913178.52,8160.57,567789.61,4087232.343,177047.25,2007,3,1,13,31,March,0.1306893046929769,1.095076140877893e-06
India,"Calendar Year (Jan - Dec), 2007","April, 2007",2007-04-13,3311486.94,23143686.34,499710.638607,429906.657577,2374594.538241,17510888.64,7275.1067,829257.31,7250237.568,-18306.66,847563.97,6005323.618,2098811.27,14870756.57,1384.23,2097427.04,14866712.37,913618.88,8160.57,538361.09,4087232.343,167963.61,2007,4,2,15,13,April,0.04376444802005608,0.048222772476069764
India,"Calendar Year (Jan - Dec), 2007","April, 2007",2007-04-27,3306434.84,23143686.34,502738.310791,423120.454607,2373635.624338,17510888.64,6940.453,860997.24,7250237.568,18545.54,842451.7,6005323.618,2085338.3,14870756.57,1385.92,2083952.38,14866712.37,885108.83,8226.57,533236.09,4087232.343,141214.99,2007,4,2,17,27,April,-0.15256288463575407,-3.1205627011560932
India,"Calendar Year (Jan - Dec), 2007","May, 2007",2007-05-11,3319015.94,23143686.34,510460.320691,411321.449307,2389903.050438,17510888.64,7331.123,854820.91,7250237.568,6348.21,848472.7,6005323.618,2086286.84,14870756.57,1385.92,2084900.92,14866712.37,888315.77,8226.57,518634.15,4087232.343,140448.11,2007,5,2,19,11,May,0.38050349118630145,0.36232154637978464
India,"Calendar Year (Jan - Dec), 2007","May, 2007",2007-05-25,3321930.92,23143686.34,504065.994687,413497.029556,2399048.74707,17510888.64,5319.1452,854906.22,7250237.568,6303.72,848602.5,6005323.618,2081127.94,14870756.57,1385.92,2079742.02,14866712.37,877616.51,8356.29,500076.04,4087232.343,125223.1,2007,5,2,21,25,May,0.0878266345415657,-1.204443325372917
India,"Calendar Year (Jan - Dec), 2007","June, 2007",2007-06-08,3370092.39,23143686.34,506723.337487,420109.828756,2428464.54427,17510888.64,14794.6752,865794.83,7250237.568,12657.43,853137.4,6005323.618,2090223.2,14870756.57,1385.92,2088837.28,14866712.37,903634.09,8356.29,497916.03,4087232.343,131546.34,2007,6,2,23,8,June,1.4498034775509483,2.9645727608292205
India,"Calendar Year (Jan - Dec), 2007","June, 2007",2007-06-22,3381145.35,23143686.34,501402.896939,432567.15056,2440143.425264,17510888.64,7031.8794,855270.75,7250237.568,-19730.71,875001.46,6005323.618,2096958.43,14870756.57,1385.92,2095572.51,14866712.37,895234.61,8426.76,474745.19,4087232.343,134234.88,2007,6,2,25,22,June,0.3279720174081069,-0.9295222582848761
India,"Calendar Year (Jan - Dec), 2007","July, 2007",2007-07-06,3433380.03,23143686.34,498452.937939,446666.36066,2477255.094664,17510888.64,11005.6373,910317.26,7250237.568,28166.77,882150.49,6005323.618,2116703.61,14870756.57,1383.28,2115320.33,14866712.37,899353.13,8426.76,501420.72,4087232.343,165624.33,2007,7,3,27,6,July,1.5448812338103135,0.4600492378193488
India,"Calendar Year (Jan - Dec), 2007","July, 2007",2007-07-20,3455860.63,23143686.34,495606.811369,438477.703811,2509451.80346,17510888.64,12324.3073,909389.05,7250237.568,21883.8,887505.25,6005323.618,2120452.1,14870756.57,1383.28,2119068.82,14866712.37,925714.95,8490.31,508185.78,4087232.343,173714.64,2007,7,3,29,20,July,0.6547658518302857,2.931197893312487
India,"Calendar Year (Jan - Dec), 2007","August, 2007",2007-08-03,3492219.5,23143686.34,490715.270969,453014.572711,2532440.93746,17510888.64,16048.7173,917055.73,7250237.568,15827.28,901228.45,6005323.618,2136380.93,14870756.57,1383.28,2134997.65,14866712.37,955605.42,8490.31,525312.89,4087232.343,171755.32,2007,8,3,31,3,August,1.0520930642969883,3.228906479256932
India,"Calendar Year (Jan - Dec), 2007","August, 2007",2007-08-17,3458368.66,23143686.34,493404.807769,427688.299211,2532265.51386,17510888.64,5010.0373,858892.87,7250237.568,-80205.83,939098.7,6005323.618,2144157.33,14870756.57,1412.08,2142745.25,14866712.37,970470.8,8490.31,523642.65,4087232.343,138458.71,2007,8,3,33,17,August,-0.9693216591912357,1.5555981254271156
India,"Calendar Year (Jan - Dec), 2007","August, 2007",2007-08-31,3485815.02,23143686.34,486537.01625,440385.195989,2553881.451749,17510888.64,5011.3573,876706.62,7250237.568,-62938.66,939645.28,6005323.618,2170868.93,14870756.57,1383.28,2169485.65,14866712.37,967297.51,8615.12,537673.15,4087232.343,136389.43,2007,8,3,35,31,August,0.7936215799503543,-0.3269845934571136
India,"Calendar Year (Jan - Dec), 2007","September, 2007",2007-09-14,3493656.74,23143686.34,494462.37725,441636.073589,2552531.769149,17510888.64,5026.5173,885042.84,7250237.568,-60417.86,945460.7,6005323.618,2181681.28,14870756.57,1383.28,2180298.0,14866712.37,969596.18,8615.12,551278.68,4087232.343,134281.52,2007,9,3,37,14,September,0.22496087586427738,0.2376383662974657
India,"Calendar Year (Jan - Dec), 2007","September, 2007",2007-09-28,3585008.73,23143686.34,486501.278332,491455.599407,2601498.16198,17510888.64,5553.6901,871366.05,7250237.568,-74425.78,945791.83,6005323.618,2245248.06,14870756.57,1383.28,2243864.78,14866712.37,1013484.4,8680.33,553770.11,4087232.343,137380.33,2007,9,3,39,28,September,2.6147958084743017,4.526443163173344
India,"Calendar Year (Jan - Dec), 2007","October, 2007",2007-10-12,3580769.97,23143686.34,502476.368432,455161.817607,2618175.07128,17510888.64,4956.7101,848316.25,7250237.568,-136711.08,985027.33,6005323.618,2222616.33,14870756.57,1383.28,2221233.05,14866712.37,1038747.84,8680.33,537590.78,4087232.343,124188.44,2007,10,4,41,12,October,-0.11823569534236134,2.492731017862737
India,"Calendar Year (Jan - Dec), 2007","October, 2007",2007-10-26,3615214.14,23143686.34,506079.036317,457285.656417,2647019.540764,17510888.64,4829.9101,848191.46,7250237.568,-137066.44,985257.9,6005323.618,2234370.07,14870756.57,1383.28,2232986.79,14866712.37,1065943.19,8755.39,542045.97,4087232.343,138424.9,2007,10,4,43,26,October,0.9619207681190511,2.618089679974678
India,"Calendar Year (Jan - Dec), 2007","November, 2007",2007-11-09,3671299.23,23143686.34,529786.059517,473908.946617,2662408.708864,17510888.64,5195.5101,855619.46,7250237.568,-128888.36,984507.82,6005323.618,2270097.46,14870756.57,1383.28,2268714.18,14866712.37,1091744.98,8755.39,554918.07,4087232.343,145224.88,2007,11,4,45,9,November,1.551362874454787,2.42055957972771
India,"Calendar Year (Jan - Dec), 2007","November, 2007",2007-11-23,3680343.77,23143686.34,525105.208123,482705.723023,2667775.925812,17510888.64,4756.9167,860980.68,7250237.568,-142121.83,1003102.51,6005323.618,2283402.57,14870756.57,1704.23,2281698.34,14866712.37,1106111.43,8926.02,579076.92,4087232.343,151461.51,2007,11,4,47,23,November,0.24635801751304864,1.3159162866038576
India,"Calendar Year (Jan - Dec), 2007","December, 2007",2007-12-07,3685892.48,23143686.34,530362.276923,466513.261723,2684305.066812,17510888.64,4711.8767,867749.35,7250237.568,-125982.91,993732.26,6005323.618,2297934.39,14870756.57,1383.28,2296551.11,14866712.37,1107198.89,8926.02,595916.16,4087232.343,145988.86,2007,12,4,49,7,December,0.150766079115483,0.09831378381108813
India,"Calendar Year (Jan - Dec), 2007","December, 2007",2007-12-21,3705514.46,23143686.34,534105.239113,485115.186977,2681558.91543,17510888.64,4735.1167,835429.06,7250237.568,-140213.07,975642.13,6005323.618,2335002.19,14870756.57,1472.28,2333529.91,14866712.37,1107689.01,8992.34,581598.14,4087232.343,140841.2,2007,12,4,51,21,December,0.5323535644751187,0.044266662875735996
India,"Calendar Year (Jan - Dec), 2008","January, 2008",2008-01-04,3755325.43,23143686.34,535284.338913,474205.450077,2740952.55413,17510888.64,4883.0867,853160.36,7250237.568,-149591.69,1002752.05,6005323.618,2354498.21,14870756.57,1383.28,2353114.93,14866712.37,1114743.97,8992.34,576069.44,4087232.343,140261.44,2008,1,1,1,4,January,1.3442389859139814,0.636908007239323
India,"Calendar Year (Jan - Dec), 2008","January, 2008",2008-01-18,3804333.82,23143686.34,544309.211237,503766.99072,2751524.3701,17510888.64,4733.2467,837477.98,7250237.568,-155878.87,993356.85,6005323.618,2376506.11,14870756.57,1571.39,2374934.72,14866712.37,1147348.19,9050.77,566049.23,4087232.343,138066.02,2008,1,1,3,18,January,1.305037097677042,2.9248168976415245
India,"Calendar Year (Jan - Dec), 2008","February, 2008",2008-02-01,3862841.24,23143686.34,539299.063437,562843.65452,2753438.0535,17510888.64,7260.4667,860620.91,7250237.568,-128558.01,989178.92,6005323.618,2417964.58,14870756.57,1452.65,2416511.93,14866712.37,1180438.63,9050.77,605233.65,4087232.343,156236.91,2008,2,1,5,1,February,1.5379149877021048,2.8840800280514722
India,"Calendar Year (Jan - Dec), 2008","February, 2008",2008-02-15,3826718.42,23143686.34,555020.680737,480634.77692,2786378.5191,17510888.64,4684.4467,844907.56,7250237.568,-178091.48,1022999.04,6005323.618,2425581.21,14870756.57,1383.28,2424197.93,14866712.37,1189710.0,9050.77,642531.11,4087232.343,161818.15,2008,2,1,7,15,February,-0.9351360243839646,0.7854173664242126
India,"Calendar Year (Jan - Dec), 2008","February, 2008",2008-02-29,3881875.87,23143686.34,554348.28684,509137.778746,2813408.23913,17510888.64,4981.5682,856920.46,7250237.568,-172322.42,1029242.88,6005323.618,2467333.91,14870756.57,1703.26,2465630.65,14866712.37,1230976.22,9136.91,682491.62,4087232.343,189601.5,2008,2,1,9,29,February,1.441377283254619,3.468594867656827
India,"Calendar Year (Jan - Dec), 2008","March, 2008",2008-03-14,3890972.69,23143686.34,570510.21264,493469.815246,2822174.52593,17510888.64,4818.1382,862318.24,7250237.568,-161453.53,1023771.77,6005323.618,2491128.05,14870756.57,1383.28,2489744.77,14866712.37,1267629.55,9136.91,739240.05,4087232.343,223076.14,2008,3,1,11,14,March,0.23434082656537125,2.977582296431369
India,"Calendar Year (Jan - Dec), 2008","March, 2008",2008-03-28,4010810.36,23143686.34,569791.95748,576018.995668,2859752.907569,17510888.64,5246.4982,844437.99,7250237.568,-168235.28,1012673.27,6005323.618,2577433.95,14870756.57,1878.74,2575555.21,14866712.37,1296718.7,9223.87,717004.16,4087232.343,215533.7,2008,3,1,13,28,March,3.079889774297029,2.2947674263352313
India,"Calendar Year (Jan - Dec), 2008","March, 2008",2008-03-31,4017855.22,23143686.34,568410.48638,578372.327568,2862045.561969,17510888.64,9026.8482,899517.56,7250237.568,-113208.99,1012726.55,6005323.618,2578989.66,14870756.57,1788.28,2577201.38,14866712.37,1295132.43,9223.87,765008.3,4087232.343,210249.56,2008,3,1,14,31,March,0.17564679871826527,-0.12232953839564908
India,"Calendar Year (Jan - Dec), 2008","April, 2008",2008-04-11,4027200.27,23143686.34,586448.37488,510643.783168,2924786.827869,17510888.64,5321.2882,882302.74,7250237.568,-172832.09,1055134.83,6005323.618,2547617.89,14870756.57,1383.28,2546234.61,14866712.37,1304576.61,9223.87,716520.84,4087232.343,209996.22,2008,4,2,15,11,April,0.23258802242256404,0.7292057384433059
India,"Calendar Year (Jan - Dec), 2008","April, 2008",2008-04-25,4037582.6,23143686.34,589438.411022,513617.123396,2928370.303487,17510888.64,6156.7618,899334.86,7250237.568,-160485.47,1059820.33,6005323.618,2538039.75,14870756.57,1383.28,2536656.47,14866712.37,1313864.16,9319.33,722975.5,4087232.343,217267.45,2008,4,2,17,25,April,0.2578051575269802,0.7119206284098345
India,"Calendar Year (Jan - Dec), 2008","May, 2008",2008-05-09,4071245.67,23143686.34,600789.982722,506244.397796,2958084.919687,17510888.64,6126.3718,911212.46,7250237.568,-140575.13,1051787.59,6005323.618,2560930.04,14870756.57,1383.28,2559546.76,14866712.37,1350012.55,9319.33,760228.71,4087232.343,246440.0,2008,5,2,19,9,May,0.8337431907894599,2.751303452862297
India,"Calendar Year (Jan - Dec), 2008","May, 2008",2008-05-23,4095690.9,23143686.34,602597.54286,505310.727911,2981598.165718,17510888.64,6184.4674,921695.04,7250237.568,-144323.19,1066018.23,6005323.618,2579850.37,14870756.57,1383.28,2578467.09,14866712.37,1408893.85,9385.17,824133.52,4087232.343,304601.16,2008,5,2,21,23,May,0.6004361313818762,4.361537231635371
India,"Calendar Year (Jan - Dec), 2008","June, 2008",2008-06-06,4114978.8,23143686.34,604605.13826,506988.339511,2998342.701118,17510888.64,5042.6174,940825.49,7250237.568,-124206.64,1065032.13,6005323.618,2602789.29,14870756.57,1383.28,2601406.01,14866712.37,1407201.32,9385.17,845222.47,4087232.343,302956.74,2008,6,2,23,6,June,0.4709315344085141,-0.12013183250108028
India,"Calendar Year (Jan - Dec), 2008","June, 2008",2008-06-20,4107132.85,23143686.34,604182.340349,499046.919649,2998991.924525,17510888.64,4911.6674,935641.64,7250237.568,-113222.1,1048863.74,6005323.618,2609800.49,14870756.57,1407.7,2608392.79,14866712.37,1361985.53,9448.94,809743.75,4087232.343,307618.85,2008,6,2,25,20,June,-0.1906680539885075,-3.2131713747966084
India,"Calendar Year (Jan - Dec), 2008","July, 2008",2008-07-04,4156137.21,23143686.34,601291.260149,524142.567349,3025624.292825,17510888.64,5079.0874,950386.44,7250237.568,-109022.14,1059408.58,6005323.618,2620625.25,14870756.57,1380.65,2619244.6,14866712.37,1351968.76,9448.94,776292.18,4087232.343,316837.08,2008,7,3,27,4,July,1.1931525419247135,-0.7354534816533587
India,"Calendar Year (Jan - Dec), 2008","July, 2008",2008-07-18,4148986.72,23143686.34,602884.530736,498356.827071,3042676.430123,17510888.64,5068.9293,967582.57,7250237.568,-59096.26,1026678.83,6005323.618,2623106.2,14870756.57,1437.65,2621668.55,14866712.37,1333602.67,9513.27,784817.99,4087232.343,315719.07,2008,7,3,29,18,July,-0.1720465335647514,-1.3584699989665494
India,"Calendar Year (Jan - Dec), 2008","August, 2008",2008-08-01,4187581.05,23143686.34,591469.193436,513388.785671,3077672.193723,17510888.64,5050.8793,970763.71,7250237.568,-76573.44,1047337.15,6005323.618,2639995.44,14870756.57,1380.65,2638614.79,14866712.37,1314098.38,9513.27,746789.75,4087232.343,285933.67,2008,8,3,31,1,August,0.9302109793207336,-1.4625263160278457
India,"Calendar Year (Jan - Dec), 2008","August, 2008",2008-08-15,4183142.49,23143686.34,597560.435836,496537.665771,3084109.385323,17510888.64,4934.9993,967271.92,7250237.568,-74108.72,1041380.64,6005323.618,2653750.51,14870756.57,1589.62,2652160.89,14866712.37,1287813.69,9513.27,735206.9,4087232.343,247656.55,2008,8,3,33,15,August,-0.10599341116035443,-2.000207168659618
India,"Calendar Year (Jan - Dec), 2008","August, 2008",2008-08-29,4226171.15,23143686.34,586707.857345,521515.480575,3112732.072363,17510888.64,5215.7393,970924.88,7250237.568,-89229.87,1060154.75,6005323.618,2675483.06,14870756.57,1380.65,2674102.41,14866712.37,1312871.43,9624.42,742732.64,4087232.343,267388.98,2008,8,3,35,29,August,1.0286204714006875,1.9457581632013943
India,"Calendar Year (Jan - Dec), 2008","September, 2008",2008-09-12,4239129.22,23143686.34,593580.707545,518773.904775,3121852.083963,17510888.64,4922.5193,970500.53,7250237.568,-71787.82,1042288.35,6005323.618,2706605.01,14870756.57,1462.84,2705142.17,14866712.37,1342908.75,9624.42,790509.5,4087232.343,304565.58,2008,9,3,37,12,September,0.30661488946086557,2.287910248759095
India,"Calendar Year (Jan - Dec), 2008","September, 2008",2008-09-26,4283513.97,23143686.34,586145.551198,551817.722202,3140122.93389,17510888.64,5427.7677,967295.76,7250237.568,-61861.74,1029157.5,6005323.618,2772938.25,14870756.57,1866.76,2771071.49,14866712.37,1369258.14,9655.15,835633.33,4087232.343,349266.59,2008,9,3,39,26,September,1.0470251718347034,1.962113211340677
India,"Calendar Year (Jan - Dec), 2008","October, 2008",2008-10-10,4328324.23,23143686.34,603571.161198,535567.102202,3184337.47389,17510888.64,4848.4977,990701.0,7250237.568,-31275.97,1021976.97,6005323.618,2831504.45,14870756.57,1851.68,2829652.77,14866712.37,1350017.68,9655.15,853554.05,4087232.343,344646.83,2008,10,4,41,10,October,1.0461098134343372,-1.4051740455601758
India,"Calendar Year (Jan - Dec), 2008","October, 2008",2008-10-24,4357936.95,23143686.34,610860.205491,516300.5774,3225770.157018,17510888.64,5006.0077,990763.56,7250237.568,-108910.67,1099674.23,6005323.618,2835868.16,14870756.57,1380.65,2834487.51,14866712.37,1304769.92,9730.95,783195.64,4087232.343,333145.15,2008,10,4,43,24,October,0.6841613157062332,-3.3516420318287943
India,"Calendar Year (Jan - Dec), 2008","November, 2008",2008-11-07,4392909.33,23143686.34,622020.975491,505591.8774,3258816.947018,17510888.64,6479.5277,1043065.57,7250237.568,-71456.14,1114521.71,6005323.618,2852775.04,14870756.57,1926.32,2850848.72,14866712.37,1218431.14,9730.95,731093.37,4087232.343,289045.6,2008,11,4,45,7,November,0.8024985308701993,-6.61716511674334
India,"Calendar Year (Jan - Dec), 2008","November, 2008",2008-11-21,4388839.83,23143686.34,618986.669406,494334.5905,3270610.376055,17510888.64,4908.1977,1049336.49,7250237.568,-61505.71,1110842.2,6005323.618,2847810.62,14870756.57,1514.39,2846296.23,14866712.37,1245689.01,9787.49,763783.78,4087232.343,324899.8,2008,11,4,47,21,November,-0.09263792385171277,2.2371284765423827
India,"Calendar Year (Jan - Dec), 2008","December, 2008",2008-12-05,4433075.4,23143686.34,623053.929406,491234.9805,3314016.336055,17510888.64,4770.1577,1103156.34,7250237.568,-43873.08,1147029.42,6005323.618,2860174.52,14870756.57,1380.65,2858793.87,14866712.37,1236410.18,9787.49,776453.13,4087232.343,319308.8,2008,12,4,49,5,December,1.0079103296873004,-0.7448753200447689
India,"Calendar Year (Jan - Dec), 2008","December, 2008",2008-12-19,4443993.16,23143686.34,626550.424451,489661.143164,3315318.299607,17510888.64,12463.2885,1096630.97,7250237.568,-31632.14,1128263.11,6005323.618,2863554.11,14870756.57,1380.65,2862173.46,14866712.37,1236790.77,9841.49,762824.18,4087232.343,298838.67,2008,12,4,51,19,December,0.24627959181564574,0.030781855904815636
India,"Calendar Year (Jan - Dec), 2009","January, 2009",2009-01-02,4514526.72,23143686.34,622360.234451,512787.613164,3373746.909607,17510888.64,5631.9585,1140945.41,7250237.568,-56449.98,1197395.39,6005323.618,2880380.46,14870756.57,2400.65,2877979.81,14866712.37,1285899.68,9841.49,802540.32,4087232.343,341710.37,2009,1,1,1,2,January,1.587166259274797,3.9706724202024812
India,"Calendar Year (Jan - Dec), 2009","January, 2009",2009-01-16,4530142.4,23143686.34,637951.033151,499869.263164,3387124.233507,17510888.64,5197.8685,1157401.58,7250237.568,-28136.89,1185538.47,6005323.618,2863472.08,14870756.57,3000.65,2860471.43,14866712.37,1268182.14,9841.49,768754.9,4087232.343,325565.92,2009,1,1,3,16,January,0.3458984954241462,-1.3778322116076769
India,"Calendar Year (Jan - Dec), 2009","January, 2009",2009-01-30,4574779.48,23143686.34,633730.1177,515444.4797,3419057.7206,17510888.64,6547.1628,1171169.85,7250237.568,-46952.07,1218121.92,6005323.618,2865468.14,14870756.57,4398.65,2861069.49,14866712.37,1257311.63,9917.16,729087.3,4087232.343,313766.92,2009,1,1,5,30,January,0.9853350305279562,-0.8571726140221503
India,"Calendar Year (Jan - Dec), 2009","February, 2009",2009-02-13,4613781.63,23143686.34,652521.9877,501060.0197,3453324.3406,17510888.64,6875.2828,1188523.84,7250237.568,-29813.89,1218337.73,6005323.618,2881777.77,14870756.57,5748.65,2876029.12,14866712.37,1255421.54,9917.16,721858.68,4087232.343,310797.94,2009,2,1,7,13,February,0.8525471046311406,-0.15032788649221862
India,"Calendar Year (Jan - Dec), 2009","February, 2009",2009-02-27,4664569.73,23143686.34,650020.5528,530274.7487,3478338.2987,17510888.64,5936.1328,1196836.56,7250237.568,-39790.72,1236627.27,6005323.618,2900960.44,14870756.57,6840.89,2894119.55,14866712.37,1303144.44,9984.36,746356.06,4087232.343,356885.24,2009,2,1,9,27,February,1.1007911529614445,3.8013446861840494
India,"Calendar Year (Jan - Dec), 2009","March, 2009",2009-03-13,4673522.89,23143686.34,669480.3128,530009.8987,3467354.5787,17510888.64,6678.1028,1225645.42,7250237.568,-3278.15,1228923.57,6005323.618,2924373.16,14870756.57,8102.89,2916270.27,14866712.37,1322700.11,9984.36,809180.16,4087232.343,388636.55,2009,3,1,11,13,March,0.19193967543067458,1.5006525293543183
India,"Calendar Year (Jan - Dec), 2009","March, 2009",2009-03-27,4783951.59,23143686.34,666867.1129,579643.9228,3532466.3378,17510888.64,4974.2139,1249471.8,7250237.568,32845.21,1216626.59,6005323.618,3010817.25,14870756.57,11133.89,2999683.36,14866712.37,1343775.79,10054.39,830167.65,4087232.343,390217.9,2009,3,1,13,27,March,2.3628577969798004,1.593383098758494
India,"Calendar Year (Jan - Dec), 2009","March, 2009",2009-03-31,4794775.12,23143686.34,665449.6695,588687.8243,3535104.6053,17510888.64,5533.0239,1277332.78,7250237.568,61579.8,1215752.98,6005323.618,3014893.09,14870756.57,13819.89,3001073.2,14866712.37,1352175.6,10054.39,859680.74,4087232.343,387958.22,2009,3,1,14,31,March,0.2262466456103951,0.6250901424559974
India,"Calendar Year (Jan - Dec), 2009","April, 2009",2009-04-10,4881088.41,23143686.34,681584.7529,566115.0728,3623005.8978,17510888.64,10382.6839,1294350.28,7250237.568,-8966.65,1303316.93,6005323.618,3009058.74,14870756.57,13369.89,2995688.85,14866712.37,1332018.99,10054.39,764394.0,4087232.343,371544.2,2009,4,2,15,10,April,1.800153038251362,-1.4906799087337497
India,"Calendar Year (Jan - Dec), 2009","April, 2009",2009-04-24,4901714.59,23143686.34,687127.3806,558926.2076,3645980.6369,17510888.64,9680.3639,1338672.74,7250237.568,51149.68,1287523.06,6005323.618,2981614.71,14870756.57,13035.89,2968578.82,14866712.37,1333278.38,10120.67,761971.91,4087232.343,378074.9,2009,4,2,17,24,April,0.42257337436752973,0.09454745085877292
India,"Calendar Year (Jan - Dec), 2009","May, 2009",2009-05-08,4939275.96,23143686.34,696806.1283,552498.1772,3683150.1079,17510888.64,6821.5439,1362830.76,7250237.568,42489.54,1320341.22,6005323.618,2989998.28,14870756.57,12778.59,2977219.69,14866712.37,1328721.37,10120.67,752395.12,4087232.343,381926.58,2009,5,2,19,8,May,0.7662904338948895,-0.3417898368681116
India,"Calendar Year (Jan - Dec), 2009","May, 2009",2009-05-22,4951720.29,23143686.34,694869.5417,565360.086,3686803.1871,17510888.64,4687.4702,1366652.08,7250237.568,57274.54,1309377.54,6005323.618,2972511.36,14870756.57,12994.89,2959516.47,14866712.37,1300107.58,10211.6,697762.33,4087232.343,353137.62,2009,5,2,21,22,May,0.2519464411540939,-2.1534830887833145
India,"Calendar Year (Jan - Dec), 2009","June, 2009",2009-06-05,4963785.07,23143686.34,694818.9427,545230.4744,3716481.6187,17510888.64,7254.0302,1388300.48,7250237.568,60133.58,1328166.9,6005323.618,2996425.41,14870756.57,12640.55,2983784.86,14866712.37,1297367.89,10211.6,728520.32,4087232.343,351034.67,2009,6,2,23,5,June,0.24364825340326135,-0.21072794606736833
India,"Calendar Year (Jan - Dec), 2009","June, 2009",2009-06-19,4958564.7,23143686.34,690362.2199,547777.1599,3710843.9313,17510888.64,9581.3902,1398148.87,7250237.568,50434.51,1347714.36,6005323.618,3007661.47,14870756.57,12744.55,2994916.92,14866712.37,1314254.71,10308.17,771808.51,4087232.343,389620.06,2009,6,2,25,19,June,-0.1051691385985043,1.3016215469923598
India,"Calendar Year (Jan - Dec), 2009","July, 2009",2009-07-03,5012658.38,23143686.34,683555.929,567815.2197,3756958.9701,17510888.64,4328.2602,1417527.76,7250237.568,24501.8,1393025.96,6005323.618,3032956.24,14870756.57,12228.82,3020727.42,14866712.37,1315204.13,10308.17,763337.91,4087232.343,384611.45,2009,7,3,27,3,July,1.0909140703558862,0.07224018242246721
India,"Calendar Year (Jan - Dec), 2009","July, 2009",2009-07-17,4991971.71,23143686.34,686018.4855,551731.3467,3750201.3029,17510888.64,4020.5702,1417262.25,7250237.568,41940.29,1375321.96,6005323.618,3009951.66,14870756.57,11932.82,2998018.84,14866712.37,1341267.45,10308.17,786817.82,4087232.343,410102.25,2009,7,3,29,17,July,-0.4126886061603052,1.9816938987258226
India,"Calendar Year (Jan - Dec), 2009","July, 2009",2009-07-31,5048698.11,23143686.34,675963.0978,586145.1334,3782374.2471,17510888.64,4215.6316,1422300.17,7250237.568,27845.74,1394454.43,6005323.618,3043087.11,14870756.57,11656.18,3031430.93,14866712.37,1353848.31,10416.48,780953.96,4087232.343,421917.79,2009,7,3,31,31,July,1.1363525936328056,0.9379829503802561
India,"Calendar Year (Jan - Dec), 2009","August, 2009",2009-08-14,5047412.75,23143686.34,686026.5952,590490.5325,3766132.1297,17510888.64,4763.4916,1408555.28,7250237.568,6409.85,1402145.43,6005323.618,3041266.66,14870756.57,10358.85,3030907.81,14866712.37,1353721.44,10416.48,766547.11,4087232.343,397582.45,2009,8,3,33,14,August,-0.02545923665854266,-0.009371064620977698
India,"Calendar Year (Jan - Dec), 2009","August, 2009",2009-08-28,5065662.6,23143686.34,679128.5723,595582.514,3785546.1614,17510888.64,5405.3516,1436722.76,7250237.568,10151.04,1426571.72,6005323.618,3045016.1,14870756.57,10176.18,3034839.92,14866712.37,1371845.42,10504.44,798426.12,4087232.343,415710.69,2009,8,3,35,28,August,0.3615684094786964,1.338826398435411
India,"Calendar Year (Jan - Dec), 2009","September, 2009",2009-09-11,5092814.39,23143686.34,690278.817,584045.8201,3803529.6259,17510888.64,14960.1316,1450281.9,7250237.568,41860.63,1408421.27,6005323.618,3061701.09,14870756.57,9726.18,3051974.91,14866712.37,1383518.38,10504.44,813191.42,4087232.343,422899.52,2009,9,3,37,11,September,0.5359968111575464,0.850894702115923
India,"Calendar Year (Jan - Dec), 2009","September, 2009",2009-09-25,5120535.45,23143686.34,693159.5318,614096.9125,3809241.3152,17510888.64,4037.6916,1469852.27,7250237.568,35481.93,1434370.34,6005323.618,3114797.95,14870756.57,10807.27,3103990.68,14866712.37,1362163.22,10609.96,836887.95,4087232.343,405125.65,2009,9,3,39,25,September,0.5443171079321463,-1.5435400287201029
India,"Calendar Year (Jan - Dec), 2009","October, 2009",2009-10-09,5173811.35,23143686.34,701305.2078,591231.5723,3876875.1045,17510888.64,4399.4616,1433957.14,7250237.568,5365.32,1428591.82,6005323.618,3126588.68,14870756.57,7982.01,3118606.67,14866712.37,1331358.04,10609.96,728702.47,4087232.343,370811.91,2009,10,4,41,9,October,1.0404361129850104,-2.261489632644753
India,"Calendar Year (Jan - Dec), 2009","October, 2009",2009-10-23,5182850.17,23143686.34,712949.6301,595484.7874,3870442.5256,17510888.64,3973.2256,1464062.25,7250237.568,43722.15,1420340.1,6005323.618,3107135.85,14870756.57,6490.71,3100645.14,14866712.37,1345853.18,10731.32,744932.43,4087232.343,387588.45,2009,10,4,43,23,October,0.17470331615396795,1.0887484481634901
India,"Calendar Year (Jan - Dec), 2009","November, 2009",2009-11-06,5202072.26,23143686.34,715425.0159,587202.4525,3894618.0509,17510888.64,4826.7456,1484154.78,7250237.568,51208.77,1432946.01,6005323.618,3130196.1,14870756.57,5040.61,3125155.49,14866712.37,1358497.04,10731.32,781506.98,4087232.343,393813.45,2009,11,4,45,6,November,0.37087875144961036,0.9394680034860992
India,"Calendar Year (Jan - Dec), 2009","November, 2009",2009-11-20,5230693.05,23143686.34,723712.32,580970.43,3921226.34,17510888.64,4783.9599,1501106.53,7250237.568,72328.47,1428778.06,6005323.618,3137660.41,14870756.57,5396.31,3132264.1,14866712.37,1351836.38,10827.88,770738.15,4087232.343,388509.96,2009,11,4,47,20,November,0.5501805543931537,-0.4902962467993377
India,"Calendar Year (Jan - Dec), 2009","December, 2009",2009-12-04,5255972.24,23143686.34,730411.8025,589233.4981,3932667.4869,17510888.64,3659.4509,1524958.67,7250237.568,72122.06,1452836.61,6005323.618,3160416.88,14870756.57,4993.96,3155422.92,14866712.37,1348047.7,10827.88,788278.9,4087232.343,382098.53,2009,12,4,49,4,December,0.48328567091124874,-0.28026172812422034
India,"Calendar Year (Jan - Dec), 2009","December, 2009",2009-12-18,5245313.03,23143686.34,738245.5625,587754.0222,3914357.5719,17510888.64,4955.8709,1505450.64,7250237.568,86909.85,1418540.79,6005323.618,3182891.41,14870756.57,4718.26,3178173.15,14866712.37,1341462.47,10918.8,795410.3,4087232.343,384012.6,2009,12,4,51,18,December,-0.20280187020166318,-0.48850126000734573
India,"Calendar Year (Jan - Dec), 2010","January, 2010",2010-01-01,5323037.4,23143686.34,729648.5918,633681.6434,3955994.4315,17510888.64,3712.7309,1532114.35,7250237.568,45554.29,1486560.06,6005323.618,3269066.13,14870756.57,6334.56,3262731.57,14866712.37,1336150.59,10918.8,825212.48,4087232.343,375049.59,2010,1,1,53,1,January,1.4817870650514875,-0.395976787930552
India,"Calendar Year (Jan - Dec), 2010","January, 2010",2010-01-15,5318422.32,23143686.34,748783.7067,602340.5243,3963528.1425,17510888.64,3769.9509,1542505.73,7250237.568,91433.14,1451072.59,6005323.618,3252025.66,14870756.57,5041.01,3246984.65,14866712.37,1318199.34,10918.8,805227.2,4087232.343,356950.31,2010,1,1,2,15,January,-0.08670012350467937,-1.343505001184031
India,"Calendar Year (Jan - Dec), 2010","January, 2010",2010-01-29,5368860.64,23143686.34,742218.1732,627111.9883,3995238.2629,17510888.64,4292.2109,1562270.99,7250237.568,90212.39,1472058.6,6005323.618,3276903.32,14870756.57,5468.01,3271435.31,14866712.37,1316703.32,11053.7,798070.7,4087232.343,354703.34,2010,1,1,4,29,January,0.9483699669792234,-0.1134896638622207
India,"Calendar Year (Jan - Dec), 2010","February, 2010",2010-02-12,5396497.02,23143686.34,757422.9557,611744.9573,4023831.1174,17510888.64,3497.9909,1582208.2,7250237.568,117441.3,1464766.9,6005323.618,3300304.59,14870756.57,4906.01,3295398.58,14866712.37,1311272.57,11053.7,808342.04,4087232.343,348806.81,2010,2,1,6,12,February,0.5147531637178071,-0.41245054352866406
India,"Calendar Year (Jan - Dec), 2010","February, 2010",2010-02-26,5457272.55,23143686.34,755510.3438,637206.6313,4060891.1474,17510888.64,3664.4309,1604185.66,7250237.568,151875.86,1452309.8,6005323.618,3343356.88,14870756.57,4713.01,3338643.87,14866712.37,1301270.52,11167.56,802708.06,4087232.343,339726.5,2010,2,1,8,26,February,1.1262033458882659,-0.762774287271184
India,"Calendar Year (Jan - Dec), 2010","March, 2010",2010-03-12,5516802.5,23143686.34,772930.4686,635624.3242,4104725.3405,17510888.64,3522.3709,1622813.5,7250237.568,162602.69,1460210.81,6005323.618,3381924.07,14870756.57,5775.01,3376149.06,14866712.37,1287481.02,11167.56,786583.65,4087232.343,323725.58,2010,3,1,10,12,March,1.0908370336020656,-1.059695104750391
India,"Calendar Year (Jan - Dec), 2010","March, 2010",2010-03-26,5601962.39,23143686.34,771214.8676,713902.1567,4111291.3774,17510888.64,5553.9909,1629166.04,7250237.568,170892.3,1458273.74,6005323.618,3494477.55,14870756.57,4522.01,3489955.54,14866712.37,1279467.36,11269.69,812418.24,4087232.343,311122.75,2010,3,1,12,26,March,1.5436457984493668,-0.6224293698714023
India,"Calendar Year (Jan - Dec), 2010","March, 2010",2010-03-31,5602698.31,23143686.34,767492.4976,717969.7034,4113430.1111,17510888.64,3806.0009,1669185.84,7250237.568,211585.52,1457600.32,6005323.618,3491409.03,14870756.57,1328.01,3490081.02,14866712.37,1281464.12,11269.69,850630.37,4087232.343,301643.3,2010,3,1,13,31,March,0.013136825076043301,0.15606181622327409
India,"Calendar Year (Jan - Dec), 2010","April, 2010",2010-04-09,5666577.21,23143686.34,786147.08,671829.527,4204470.63,17510888.64,4129.9709,1670172.01,7250237.568,131526.72,1538645.29,6005323.618,3491340.65,14870756.57,1328.01,3490012.64,14866712.37,1265660.43,11269.69,771865.57,4087232.343,287978.14,2010,4,2,14,9,April,1.140145274036719,-1.2332526329336568
India,"Calendar Year (Jan - Dec), 2010","April, 2010",2010-04-23,5649336.23,23143686.34,798410.0002,653694.7992,4193639.8972,17510888.64,3591.5309,1702889.23,7250237.568,189715.62,1513173.61,6005323.618,3462881.64,14870756.57,1328.01,3461553.63,14866712.37,1268133.29,11400.51,795968.44,4087232.343,293600.84,2010,4,2,16,23,April,-0.3042573913856428,0.19538099962563837
India,"Calendar Year (Jan - Dec), 2010","May, 2010",2010-05-07,5696497.84,23143686.34,814584.299,648467.0865,4229779.4213,17510888.64,3667.0309,1718374.98,7250237.568,214461.48,1503913.5,6005323.618,3479565.12,14870756.57,1328.01,3478237.11,14866712.37,1279230.31,11400.51,792073.09,4087232.343,296486.49,2010,5,2,18,7,May,0.8348168365259312,0.8750673204076298
India,"Calendar Year (Jan - Dec), 2010","May, 2010",2010-05-21,5702913.57,23143686.34,824763.887,645217.5323,4229139.3653,17510888.64,3792.7841,1734051.39,7250237.568,212485.01,1521566.38,6005323.618,3487695.38,14870756.57,1328.01,3486367.37,14866712.37,1300406.68,11507.87,830747.76,4087232.343,316840.38,2010,5,2,20,21,May,0.11262586557920784,1.6553993314933235
India,"Calendar Year (Jan - Dec), 2010","June, 2010",2010-06-04,5721745.13,23143686.34,826160.304,654385.5862,4237587.6069,17510888.64,3611.6341,1728896.62,7250237.568,213813.19,1515083.43,6005323.618,3546588.56,14870756.57,1328.01,3545260.55,14866712.37,1286884.32,11507.87,852132.24,4087232.343,307921.55,2010,6,2,22,4,June,0.3302094581804971,-1.0398562394342559
India,"Calendar Year (Jan - Dec), 2010","June, 2010",2010-06-18,5710580.41,23143686.34,831948.4931,651623.4754,4223930.0633,17510888.64,3078.3741,1720210.06,7250237.568,227381.93,1492828.13,6005323.618,3573276.18,14870756.57,1478.11,3571798.07,14866712.37,1288437.97,11624.66,882968.47,4087232.343,318133.9,2010,6,2,24,18,June,-0.19512788050382035,0.12072957730961953
India,"Calendar Year (Jan - Dec), 2010","July, 2010",2010-07-02,5816066.74,23143686.34,820498.3793,696930.577,4294966.4021,17510888.64,3671.3841,1733790.65,7250237.568,223243.85,1510546.8,6005323.618,3665924.95,14870756.57,1575.23,3664349.72,14866712.37,1312665.77,11624.66,907939.3,4087232.343,340914.88,2010,7,3,26,2,July,1.8472085572121433,1.8804009633463403
India,"Calendar Year (Jan - Dec), 2010","July, 2010",2010-07-16,5786016.78,23143686.34,828720.57,658704.9282,4295045.7593,17510888.64,3545.5241,1746858.22,7250237.568,226718.87,1520139.35,6005323.618,3622135.14,14870756.57,1575.23,3620559.91,14866712.37,1332300.62,11624.66,926901.87,4087232.343,359856.74,2010,7,3,28,16,July,-0.5166715126106003,1.495799650508145
India,"Calendar Year (Jan - Dec), 2010","July, 2010",2010-07-30,5842382.73,23143686.34,814428.41,693785.0443,4329728.6897,17510888.64,4440.5841,1757420.15,7250237.568,222634.68,1534785.47,6005323.618,3641699.06,14870756.57,1325.38,3640373.68,14866712.37,1333810.21,11761.26,902307.96,4087232.343,358908.64,2010,7,3,30,30,July,0.9741753635218453,0.1133070102451672
India,"Calendar Year (Jan - Dec), 2010","August, 2010",2010-08-13,5819239.8,23143686.34,826742.35,663688.5677,4324610.3402,17510888.64,4198.5441,1743752.81,7250237.568,209122.72,1534630.09,6005323.618,3629669.05,14870756.57,1325.38,3628343.67,14866712.37,1327786.09,11761.26,893729.41,4087232.343,333062.59,2010,8,3,32,13,August,-0.3961214297235949,-0.4516474648968094
India,"Calendar Year (Jan - Dec), 2010","August, 2010",2010-08-27,5854452.65,23143686.34,823256.93,677623.9024,4349591.3374,17510888.64,3980.4841,1768391.4,7250237.568,207611.02,1560780.38,6005323.618,3620915.02,14870756.57,1325.38,3619589.64,14866712.37,1335247.94,11886.29,881987.99,4087232.343,339324.33,2010,8,3,34,27,August,0.6051108256442728,0.5619768166120753
India,"Calendar Year (Jan - Dec), 2010","September, 2010",2010-09-10,5889803.51,23143686.34,834672.24,663508.08,4387773.4617,17510888.64,3849.7241,1784812.03,7250237.568,242092.51,1542719.52,6005323.618,3650667.83,14870756.57,1325.38,3649342.45,14866712.37,1336461.92,11886.29,894024.56,4087232.343,341775.55,2010,9,3,36,10,September,0.6038286089819156,0.09091794592095415
India,"Calendar Year (Jan - Dec), 2010","September, 2010",2010-09-24,5899265.85,23143686.34,826069.95,689730.7571,4379434.6582,17510888.64,4030.4841,1764772.77,7250237.568,206760.72,1558012.05,6005323.618,3696238.28,14870756.57,1325.38,3694912.9,14866712.37,1363397.71,12000.34,937143.25,4087232.343,347966.61,2010,9,3,38,24,September,0.16065629326911246,2.0154551055221903
India,"Calendar Year (Jan - Dec), 2010","October, 2010",2010-10-08,5990406.6,23143686.34,833857.34,675867.6652,4476062.2236,17510888.64,4619.3741,1756122.84,7250237.568,194701.71,1561421.13,6005323.618,3744818.61,14870756.57,1325.38,3743493.23,14866712.37,1346491.77,12000.34,869026.96,4087232.343,329304.44,2010,10,4,40,8,October,1.5449507161980236,-1.2399859465804686
India,"Calendar Year (Jan - Dec), 2010","October, 2010",2010-10-22,6080476.05,23143686.34,840740.8633,729695.7078,4506067.807,17510888.64,3971.6741,1794259.41,7250237.568,205650.58,1588608.83,6005323.618,3753210.76,14870756.57,1477.38,3751733.38,14866712.37,1346832.3,12152.27,825978.69,4087232.343,333221.34,2010,10,4,42,22,October,1.5035615445536,0.025290165717084534
India,"Calendar Year (Jan - Dec), 2010","November, 2010",2010-11-05,6040449.85,23143686.34,864937.81,662590.7559,4508665.803,17510888.64,4255.4841,1836122.48,7250237.568,263241.03,1572881.45,6005323.618,3804379.52,14870756.57,1572.38,3802807.14,14866712.37,1363355.4,12152.27,975559.82,4087232.343,348080.01,2010,11,4,44,5,November,-0.658274116547175,1.2268119794869747
India,"Calendar Year (Jan - Dec), 2010","November, 2010",2010-11-19,6090574.92,23143686.34,871766.543,710743.4909,4504529.1896,17510888.64,3535.6941,1820861.85,7250237.568,259513.33,1561348.52,6005323.618,3837977.49,14870756.57,1572.38,3836405.11,14866712.37,1379324.23,12253.71,959842.37,4087232.343,361890.61,2010,11,4,46,19,November,0.8298234609132704,1.1712888656912224
India,"Calendar Year (Jan - Dec), 2010","December, 2010",2010-12-03,6079825.44,23143686.34,867584.14,676735.3149,4531246.8534,17510888.64,4259.1341,1825039.72,7250237.568,256017.63,1569022.09,6005323.618,3875603.93,14870756.57,1625.63,3873978.3,14866712.37,1371330.16,12253.71,1004402.08,4087232.343,352136.36,2010,12,4,48,3,December,-0.17649368312835367,-0.5795642406716817
India,"Calendar Year (Jan - Dec), 2010","December, 2010",2010-12-17,6051303.24,23143686.34,878479.58,651183.112,4518296.5982,17510888.64,3343.9542,1801914.11,7250237.568,270795.12,1531118.99,6005323.618,3922874.55,14870756.57,1625.63,3921248.92,14866712.37,1371259.94,12253.71,1056999.07,4087232.343,353828.63,2010,12,4,50,17,December,-0.4691286005079842,-0.005120575777317615
India,"Calendar Year (Jan - Dec), 2010","December, 2010",2010-12-31,6225180.55,23143686.34,868666.3508,719535.8669,4633407.3718,17510888.64,3570.9642,1797093.38,7250237.568,263952.48,1533140.9,6005323.618,4048928.55,14870756.57,1625.63,4047302.92,14866712.37,1349079.08,12373.42,982293.88,4087232.343,343095.38,2010,12,4,52,31,December,2.8733861633415625,-1.6175532700240525
India,"Calendar Year (Jan - Dec), 2011","January, 2011",2011-01-14,6208936.07,23143686.34,891733.39,644122.9179,4670170.5461,17510888.64,2909.2142,1825876.02,7250237.568,279284.13,1546591.89,6005323.618,4004346.61,14870756.57,1378.63,4002967.98,14866712.37,1362448.31,12373.42,996108.3,4087232.343,354930.98,2011,1,1,2,14,January,-0.26094793346996825,0.9909893495642974
India,"Calendar Year (Jan - Dec), 2011","January, 2011",2011-01-28,6255984.26,23143686.34,888153.39,665023.5101,4689477.5046,17510888.64,13329.8574,1837844.46,7250237.568,269301.62,1568542.84,6005323.618,4021022.99,14870756.57,1325.38,4019697.61,14866712.37,1380715.85,12478.62,996077.65,4087232.343,373737.96,2011,1,1,4,28,January,0.7577496284319141,1.3407877470228646
India,"Calendar Year (Jan - Dec), 2011","February, 2011",2011-02-11,6323961.15,23143686.34,907712.2202,649303.1815,4763859.6031,17510888.64,3086.1474,1856650.61,7250237.568,299431.43,1557219.18,6005323.618,4073171.73,14870756.57,1570.38,4071601.35,14866712.37,1381700.14,12478.62,1000039.94,4087232.343,373482.36,2011,2,1,6,11,February,1.0865898502116833,0.0712883827617139
India,"Calendar Year (Jan - Dec), 2011","February, 2011",2011-02-25,6366713.62,23143686.34,905350.6903,678840.1869,4778940.8841,17510888.64,3581.8574,1872956.62,7250237.568,300211.07,1572745.55,6005323.618,4103830.65,14870756.57,1570.38,4102260.27,14866712.37,1380477.45,12585.86,1003136.95,4087232.343,371541.5,2011,2,1,8,25,February,0.6760394155805205,-0.08849170414066965
India,"Calendar Year (Jan - Dec), 2011","March, 2011",2011-03-11,6440360.1,23143686.34,921245.6581,675137.3582,4839521.0989,17510888.64,4455.9874,1895887.33,7250237.568,313072.56,1582814.77,6005323.618,4149934.93,14870756.57,1570.38,4148364.55,14866712.37,1379248.0,12585.86,997296.01,4087232.343,371034.93,2011,3,1,10,11,March,1.1567424639401302,-0.08905976696684803
India,"Calendar Year (Jan - Dec), 2011","March, 2011",2011-03-25,6503680.19,23143686.34,919362.80529,717920.293,4862912.2574,17510888.64,3484.83,1903689.62,7250237.568,316388.61,1587301.01,6005323.618,4236236.94,14870756.57,1760.38,4234476.56,14866712.37,1387972.87,12724.34,1036943.58,4087232.343,362920.91,2011,3,1,12,25,March,0.9831762357511709,0.6325816676913787
India,"Calendar Year (Jan - Dec), 2011","March, 2011",2011-03-31,6504116.05,23143686.34,911836.36529,722856.263,4865770.6774,17510888.64,3652.7399,1983895.83,7250237.568,396554.72,1587341.12,6005323.618,4236676.18,14870756.57,2164.28,4234511.9,14866712.37,1393342.78,12724.34,1122523.09,4087232.343,368350.0,2011,3,1,13,31,March,0.0067017440474659296,0.38688868608793836
India,"Calendar Year (Jan - Dec), 2011","April, 2011",2011-04-08,6639585.2,23143686.34,931857.35419,661492.9699,5044469.4463,17510888.64,1765.4299,1936111.67,7250237.568,278110.52,1658001.15,6005323.618,4247125.24,14870756.57,1325.38,4245799.86,14866712.37,1391350.671,12724.34,947727.59,4087232.343,356622.0,2011,4,2,14,8,April,2.0828218463291526,-0.14297336079782674
India,"Calendar Year (Jan - Dec), 2011","April, 2011",2011-04-22,6649404.06,23143686.34,946884.29557,663455.4735,5035759.6485,17510888.64,3304.6399,2006912.76,7250237.568,365280.39,1641632.36,6005323.618,4220853.12,14870756.57,1325.38,4219527.74,14866712.37,1404950.623,12833.84,996145.55,4087232.343,374565.0,2011,4,2,16,22,April,0.14788363586326625,0.9774640055497441
India,"Calendar Year (Jan - Dec), 2011","May, 2011",2011-05-06,6656300.16,23143686.34,958083.51207,652242.3946,5043032.3555,17510888.64,2941.8999,2024435.83,7250237.568,367234.9,1657200.93,6005323.618,4256283.89,14870756.57,1595.37,4254688.52,14866712.37,1416906.877,12833.84,1054158.5,4087232.343,387123.0,2011,5,2,18,6,May,0.10371004585936205,0.8510088400452087
India,"Calendar Year (Jan - Dec), 2011","May, 2011",2011-05-20,6671495.28,23143686.34,961414.43857,642089.7327,5065014.1533,17510888.64,2976.9599,2051939.06,7250237.568,380487.22,1671451.84,6005323.618,4261995.55,14870756.57,1595.37,4260400.18,14866712.37,1416945.937,12960.43,1072344.67,4087232.343,387864.0,2011,5,2,20,20,May,0.22828177267775196,0.0027567090423508134
India,"Calendar Year (Jan - Dec), 2011","June, 2011",2011-06-03,6710621.43,23143686.34,958198.00607,637685.9359,5110934.1583,17510888.64,3803.3299,2075439.5,7250237.568,372396.34,1703043.16,6005323.618,4288634.5,14870756.57,1690.37,4286944.13,14866712.37,1435599.598,12960.43,1102010.91,4087232.343,402685.0,2011,6,2,22,3,June,0.5864674762986466,1.3164694935005272
India,"Calendar Year (Jan - Dec), 2011","June, 2011",2011-06-17,6696606.72,23143686.34,961449.2763,628984.4641,5104239.4084,17510888.64,1933.5699,2071898.59,7250237.568,376109.25,1695789.34,6005323.618,4309392.13,14870756.57,2097.92,4307294.21,14866712.37,1404166.381,12246.04,1101095.17,4087232.343,398085.0,2011,6,2,24,17,June,-0.20884369869751396,-2.189553204374739
India,"Calendar Year (Jan - Dec), 2011","July, 2011",2011-07-01,6824541.94,23143686.34,941071.7969,683517.9275,5197026.5601,17510888.64,2925.6599,2098275.29,7250237.568,404246.83,1694028.47,6005323.618,4397508.51,14870756.57,2095.28,4395413.23,14866712.37,1420477.489,12246.04,1103964.57,4087232.343,413896.0,2011,7,3,26,1,July,1.9104484606795147,1.161622171040988
India,"Calendar Year (Jan - Dec), 2011","July, 2011",2011-07-15,6762899.03,23143686.34,951754.326,624166.4443,5185787.959,17510888.64,1190.2999,2137139.32,7250237.568,375422.99,1761716.33,6005323.618,4322828.61,14870756.57,1407.11,4321421.5,14866712.37,1409925.485,12246.04,1119240.4,4087232.343,400454.0,2011,7,3,28,15,July,-0.9032534423841554,-0.7428490829114454
India,"Calendar Year (Jan - Dec), 2011","July, 2011",2011-07-29,6815040.17,23143686.34,934911.8428,645373.7845,5233376.179,17510888.64,1378.3599,2146601.67,7250237.568,372133.61,1774468.06,6005323.618,4325184.24,14870756.57,1799.32,4323384.92,14866712.37,1418142.377,12362.29,1087250.68,4087232.343,408841.0,2011,7,3,30,29,July,0.7709880003930802,0.5827890968294724
India,"Calendar Year (Jan - Dec), 2011","August, 2011",2011-08-12,6836414.06,23143686.34,950405.2119,624600.4941,5260320.8313,17510888.64,1087.5199,2147253.97,7250237.568,370086.6,1777167.36,6005323.618,4362044.95,14870756.57,1710.79,4360334.16,14866712.37,1441490.067,12362.29,1126734.55,4087232.343,417130.0,2011,8,3,32,12,August,0.3136282320695294,1.646357261348519
India,"Calendar Year (Jan - Dec), 2011","August, 2011",2011-08-26,6852130.96,23143686.34,942409.961,639148.8138,5267806.6458,17510888.64,2765.5399,2162228.43,7250237.568,368131.78,1794096.65,6005323.618,4364474.91,14870756.57,1838.77,4362636.14,14866712.37,1472438.029,12477.71,1159483.31,4087232.343,447169.0,2011,8,3,34,26,August,0.22989976707175064,2.146942438834021
India,"Calendar Year (Jan - Dec), 2011","September, 2011",2011-09-09,6876472.58,23143686.34,951365.3055,627907.1282,5294669.0478,17510888.64,2531.0999,2180575.49,7250237.568,377148.64,1803426.86,6005323.618,4392904.67,14870756.57,1472.3,4391432.37,14866712.37,1474792.006,12477.71,1184273.91,4087232.343,450555.0,2011,9,3,36,9,September,0.3552416050145002,0.1598693427932396
India,"Calendar Year (Jan - Dec), 2011","September, 2011",2011-09-23,6878779.15,23143686.34,941199.4968,639297.7606,5295967.5016,17510888.64,2314.386,2152293.53,7250237.568,356659.89,1795633.65,6005323.618,4416704.78,14870756.57,1782.76,4414922.02,14866712.37,1553847.587,12480.93,1256538.0,4087232.343,526698.0,2011,9,3,38,23,September,0.033542924416063435,5.360456300167926
India,"Calendar Year (Jan - Dec), 2011","October, 2011",2011-10-07,6982383.67,23143686.34,949313.5819,656879.8293,5373850.9582,17510888.64,2339.296,2171506.07,7250237.568,342125.18,1829380.89,6005323.618,4472293.19,14870756.57,1322.74,4470970.45,14866712.37,1546771.916,12480.93,1220660.0,4087232.343,518865.0,2011,10,4,40,7,October,1.5061469156194551,-0.45536454535164417
India,"Calendar Year (Jan - Dec), 2011","October, 2011",2011-10-21,6984619.94,23143686.34,952027.7633,646375.5804,5385074.2438,17510888.64,1142.3522,2195415.73,7250237.568,394736.69,1800679.04,6005323.618,4482070.42,14870756.57,1877.99,4480192.43,14866712.37,1602821.475,12783.63,1308459.57,4087232.343,578573.0,2011,10,4,42,21,October,0.032027314820992636,3.623647314786149
India,"Calendar Year (Jan - Dec), 2011","November, 2011",2011-11-04,7035457.91,23143686.34,967115.3653,644289.6269,5422762.8198,17510888.64,1290.1022,2208273.17,7250237.568,380178.43,1828094.75,6005323.618,4512021.74,14870756.57,1322.74,4510699.0,14866712.37,1556479.974,12783.63,1254090.9,4087232.343,530817.0,2011,11,4,44,4,November,0.7278559239688454,-2.891245327243952
India,"Calendar Year (Jan - Dec), 2011","November, 2011",2011-11-18,7033533.59,23143686.34,977048.177,637034.7631,5418291.1672,17510888.64,1159.4822,2223554.97,7250237.568,416902.98,1806651.99,6005323.618,4514979.8,14870756.57,1908.24,4513071.56,14866712.37,1589453.006,12886.2,1307326.15,4087232.343,577466.0,2011,11,4,46,18,November,-0.027351737791869724,2.1184359934463437
India,"Calendar Year (Jan - Dec), 2011","December, 2011",2011-12-02,7092380.47,23143686.34,972077.2726,649440.2242,5468213.8564,17510888.64,2649.1122,2246601.7628,7250237.568,407242.3097,1839359.4531,6005323.618,4563019.1324,14870756.57,1736.99,4561282.1424,14866712.37,1589490.381,12886.2026,1319603.4346,4087232.343,581495.0,2011,12,4,48,2,December,0.8366616757708556,0.0023514378757250043
India,"Calendar Year (Jan - Dec), 2011","December, 2011",2011-12-16,7070805.47,23143686.34,988195.6126,638710.7873,5442732.7477,17510888.64,1166.3188,2212862.21,7250237.568,438037.13,1774825.08,6005323.618,4595548.98,14870756.57,1998.24,4593550.74,14866712.37,1604252.581,12886.2,1354729.27,4087232.343,612608.0,2011,12,4,50,16,December,-0.3041996984123996,0.9287379260963347
India,"Calendar Year (Jan - Dec), 2011","December, 2011",2011-12-30,7221341.55,23143686.34,976609.7895,718977.7632,5523526.6541,17510888.64,2227.3412,2240945.8306,7250237.568,450059.7364,1790886.0942,6005323.618,4704756.0817,14870756.57,3265.62,4701490.4617,14866712.37,1595945.097,13042.2895,1333331.755,4087232.343,623319.0,2011,12,4,52,30,December,2.1289806463873795,-0.5178413984424757
India,"Calendar Year (Jan - Dec), 2012","January, 2012",2012-01-13,7184750.31,23143686.34,999649.3195,675644.0143,5507379.177,17510888.64,2077.8012,2273004.37,7250237.568,493354.67,1779649.69,6005323.618,4673810.2,14870756.57,3162.24,4670647.96,14866712.37,1526238.289,13042.29,1301333.45,4087232.343,569785.0,2012,1,1,2,13,January,-0.5067097262557829,-4.367744738276547
India,"Calendar Year (Jan - Dec), 2012","January, 2012",2012-01-27,7184830.38,23143686.34,995424.151,673955.2925,5512791.1099,17510888.64,2659.8312,2306790.68,7250237.568,518396.74,1788393.94,6005323.618,4696021.02,14870756.57,3257.24,4692763.78,14866712.37,1486648.677,13156.42,1317777.65,4087232.343,549641.0,2012,1,1,4,27,January,0.0011144437391141793,-2.5939338755509467
India,"Calendar Year (Jan - Dec), 2012","February, 2012",2012-02-10,7237630.8,23143686.34,1015347.951,671760.736,5548371.6846,17510888.64,2150.4312,2324084.17,7250237.568,499264.6,1824819.57,6005323.618,4726366.9,14870756.57,3380.24,4722986.66,14866712.37,1474025.262,13156.42,1299992.9,4087232.343,540392.0,2012,2,1,6,10,February,0.7348874950058315,-0.8491189071969107
India,"Calendar Year (Jan - Dec), 2012","February, 2012",2012-02-24,7253051.86,23143686.34,1014649.792,675838.8736,5561471.331,17510888.64,1091.8612,2331451.3,7250237.568,488369.48,1843081.82,6005323.618,4755211.64,14870756.57,3427.35,4751784.29,14866712.37,1467334.431,13275.54,1314213.18,4087232.343,537546.0,2012,2,1,8,24,February,0.21306779008403165,-0.45391562631170723
India,"Calendar Year (Jan - Dec), 2012","March, 2012",2012-03-09,7338934.17,23143686.34,1031382.46,678175.5785,5627319.8726,17510888.64,2056.26,2370080.51,7250237.568,505205.03,1864875.48,6005323.618,4836554.22,14870756.57,3944.15,4832610.07,14866712.37,1485276.358,13275.54,1366243.22,4087232.343,557553.0,2012,3,1,10,9,March,1.184085150054326,1.222756491018373
India,"Calendar Year (Jan - Dec), 2012","March, 2012",2012-03-23,7361734.63,23143686.34,1030396.2956,705007.711,5624768.7243,17510888.64,1561.9,2352818.89,7250237.568,517102.68,1835716.21,6005323.618,4961474.79,14870756.57,3966.95,4957507.84,14866712.37,1534381.915,13444.32,1500374.33,4087232.343,591737.0,2012,3,1,12,23,March,0.31067808310916156,3.3061562405883205
India,"Calendar Year (Jan - Dec), 2012","March, 2012",2012-03-31,7384831.0,23143686.34,1023669.7979,710902.1344,5647437.4462,17510888.64,2822.3567,2373731.0,7250237.568,535737.8897,1837993.0,6005323.618,4992338.0,14870756.57,3959.85,4988378.0,14866712.37,1543792.2279,13444.3169,1538461.525776,4087232.343,603853.0,2012,3,1,13,31,March,0.3137354327590103,0.6132966511144033
India,"Calendar Year (Jan - Dec), 2012","April, 2012",2012-04-06,7568664.98,23143686.34,1034643.497,734343.252,5797036.9114,17510888.64,2641.3146,2393696.93,7250237.568,484980.36,1908716.57,6005323.618,5042474.8,14870756.57,3759.85,5038714.95,14866712.37,1533681.559,13444.32,1414621.24,4087232.343,582448.0,2012,4,2,14,6,April,2.4893457954555887,-0.6549242001142597
India,"Calendar Year (Jan - Dec), 2012","April, 2012",2012-04-20,7531732.26,23143686.34,1064855.2667,682009.1125,5783309.3176,17510888.64,1558.5644,2466512.64,7250237.568,549392.5,1917120.14,6005323.618,4971671.74,14870756.57,3498.84,4968172.9,14866712.37,1566466.826,13569.51,1486474.58,4087232.343,619277.0,2012,4,2,16,20,April,-0.4879687513926756,2.1376841109947753
India,"Calendar Year (Jan - Dec), 2012","May, 2012",2012-05-04,7566701.32,23143686.34,1070172.5304,683972.786,5810766.4642,17510888.64,1789.5344,2466460.01,7250237.568,524702.26,1941757.75,6005323.618,4998559.87,14870756.57,3788.98,4994770.89,14866712.37,1607359.122,13569.51,1519229.36,4087232.343,658740.0,2012,5,2,18,4,May,0.4642897383078326,2.610479540407451
India,"Calendar Year (Jan - Dec), 2012","May, 2012",2012-05-18,7595226.82,23143686.34,1082261.8975,666817.2781,5844724.4703,17510888.64,1423.17,2483498.81,7250237.568,554876.68,1928622.13,6005323.618,5016694.58,14870756.57,3790.98,5012903.6,14866712.37,1620648.155,13714.17,1539310.17,4087232.343,675750.0,2012,5,2,20,18,May,0.3769872602821245,0.8267619113931923
India,"Calendar Year (Jan - Dec), 2012","June, 2012",2012-06-01,7667263.19,23143686.34,1074164.8307,679918.7464,5911678.3909,17510888.64,1501.2244,2490766.92,7250237.568,538958.25,1951808.67,6005323.618,5083686.73,14870756.57,5597.37,5078089.36,14866712.37,1635001.608,13714.17,1555886.69,4087232.343,689857.0,2012,6,2,22,1,June,0.9484426430862003,0.8856612680375298
India,"Calendar Year (Jan - Dec), 2012","June, 2012",2012-06-15,7659672.07,23143686.34,1090386.8726,673434.2652,5894383.6983,17510888.64,1467.2319,2525322.74,7250237.568,574875.27,1950447.47,6005323.618,5082620.9,14870756.57,5547.37,5077073.53,14866712.37,1650091.683,13714.17,1612057.12,4087232.343,706985.0,2012,6,2,24,15,June,-0.09900690522663957,0.922939459274219
India,"Calendar Year (Jan - Dec), 2012","June, 2012",2012-06-29,7756228.37,23143686.34,1069715.8834,736345.8566,5948267.7443,17510888.64,1898.8814,2536530.84,7250237.568,567561.01,1968969.83,6005323.618,5136320.26,14870756.57,4190.25,5132130.01,14866712.37,1646710.857,13903.98,1577216.24,4087232.343,725584.0,2012,6,2,26,29,June,1.2605800759822872,-0.20488716080632186
India,"Calendar Year (Jan - Dec), 2012","July, 2012",2012-07-13,7761967.028,23143686.34,1077748.1968,668546.5147,6011770.5217,17510888.64,3901.7948,2563879.67,7250237.568,559403.89,2004475.78,6005323.618,5100976.62,14870756.57,5019.25,5095957.37,14866712.37,1617118.967,13903.98,1533893.7,4087232.343,695195.0,2012,7,3,28,13,July,0.07398773896596378,-1.7970301145588508
India,"Calendar Year (Jan - Dec), 2012","July, 2012",2012-07-27,7766666.6785,23143686.34,1058371.2066,678856.5036,6026863.0202,17510888.64,2575.9481,2571113.53,7250237.568,547147.37,2023966.16,6005323.618,5082842.96,14870756.57,4766.9,5078076.06,14866712.37,1621023.058,14051.77,1522345.87,4087232.343,700564.0,2012,7,3,30,27,July,0.06054715876848693,0.24142262132036407
India,"Calendar Year (Jan - Dec), 2012","August, 2012",2012-08-10,7818561.3262,23143686.34,1070462.042,669596.5447,6075940.6782,17510888.64,2562.0613,2586966.56,7250237.568,550007.39,2036959.17,6005323.618,5103712.73,14870756.57,5016.9,5098695.83,14866712.37,1620598.765,14051.77,1506750.18,4087232.343,686948.0,2012,8,3,32,10,August,0.6681714285956986,-0.026174396342237838
India,"Calendar Year (Jan - Dec), 2012","August, 2012",2012-08-24,7817842.3061,23143686.34,1065786.2717,689092.6528,6060976.0467,17510888.64,1987.3349,2602277.48,7250237.568,539926.21,2062351.27,6005323.618,5102534.98,14870756.57,4445.4,5098089.58,14866712.37,1626907.147,14216.47,1528074.32,4087232.343,691571.0,2012,8,3,34,24,August,-0.009196322315596639,0.38926242178149995
India,"Calendar Year (Jan - Dec), 2012","September, 2012",2012-09-07,7849805.3035,23143686.34,1065574.8176,671354.1,6111404.82,17510888.64,1471.5659,2628070.2171,7250237.568,542600.8671,2085469.35,6005323.618,5129411.0398,14870756.57,3857.1098,5125553.93,14866712.37,1640549.654,14216.4651,1562421.7414,4087232.343,706716.0,2012,9,3,36,7,September,0.4088467910776439,0.838554740210995
India,"Calendar Year (Jan - Dec), 2012","September, 2012",2012-09-21,7816591.5514,23143686.34,1063711.0503,681493.4675,6069720.9699,17510888.64,1666.0637,2590068.92,7250237.568,536203.52,2053865.4,6005323.618,5145298.77,14870756.57,3615.75,5141683.02,14866712.37,1603089.842,14371.31,1536219.08,4087232.343,680194.0,2012,9,3,38,21,September,-0.4231156164496319,-2.2833695955904343
India,"Calendar Year (Jan - Dec), 2012","October, 2012",2012-10-05,7928504.0177,23143686.34,1054320.6367,693182.1275,6179169.2699,17510888.64,1831.9836,2584697.61,7250237.568,483276.68,2101420.92,6005323.618,5195266.04,14870756.57,2313.25,5192952.79,14866712.37,1540837.418,14371.31,1406655.38,4087232.343,613481.0,2012,10,4,40,5,October,1.43172974517205,-3.883277304179933
India,"Calendar Year (Jan - Dec), 2012","October, 2012",2012-10-19,7916507.8352,23143686.34,1065303.5448,666891.9179,6182710.1711,17510888.64,1602.2014,2636131.24,7250237.568,555194.16,2080937.08,6005323.618,5197393.38,14870756.57,2170.75,5195222.63,14866712.37,1596699.72,14524.23,1528223.13,4087232.343,677483.0,2012,10,4,42,19,October,-0.15130448913464045,3.62545076770715
India,"Calendar Year (Jan - Dec), 2012","November, 2012",2012-11-02,7961916.2291,23143686.34,1064861.0508,676445.2779,6218874.5011,17510888.64,1735.3993,2618042.8802,7250237.568,519926.2406,2098116.6396,6005323.618,5244225.1051,14870756.57,2748.8498,5241476.2553,14866712.37,1594687.558,14524.2308,1509546.737,4087232.343,676022.0,2012,11,4,44,2,November,0.5735912203370219,-0.12602006343434002
India,"Calendar Year (Jan - Dec), 2012","November, 2012",2012-11-16,7977663.9562,23143686.34,1107730.5816,677964.0279,6190624.5311,17510888.64,1344.8156,2647774.2062,7250237.568,577798.3966,2069975.8096,6005323.618,5278880.4251,14870756.57,4177.8898,5274702.5353,14866712.37,1625000.473,14524.2308,1588496.4541,4087232.343,715374.0,2012,11,4,46,16,November,0.19778815359101642,1.9008685963548544
India,"Calendar Year (Jan - Dec), 2012","November, 2012",2012-11-30,7993152.0174,23143686.34,1087304.4617,705111.0476,6198361.4407,17510888.64,2375.0674,2611760.8434,7250237.568,535839.5226,2075921.3208,6005323.618,5348728.4061,14870756.57,5453.7898,5343274.6163,14866712.37,1619189.645,14722.6141,1601230.7247,4087232.343,711195.0,2012,11,4,48,30,November,0.19414281279626078,-0.3575893112986228
India,"Calendar Year (Jan - Dec), 2012","December, 2012",2012-12-14,8000820.301,23143686.34,1103356.9513,694369.6879,6200605.5205,17510888.64,2488.1413,2660774.812,7250237.568,597242.6645,2063532.1475,6005323.618,5350102.4313,14870756.57,4354.7498,5345747.6815,14866712.37,1627037.93,14722.6141,1651798.8582,4087232.343,717881.0,2012,12,4,50,14,December,0.09593566572119183,0.48470449550088723
India,"Calendar Year (Jan - Dec), 2012","December, 2012",2012-12-28,8033661.8092,23143686.34,1091432.0979,719942.2215,6220787.4172,17510888.64,1500.0726,2597758.5979,7250237.568,550466.6512,2047291.9467,6005323.618,5417282.1353,14870756.57,3730.2498,5413551.8855,14866712.37,1634085.432,14845.264,1630289.9686,4087232.343,728576.0,2012,12,4,52,28,December,0.41047676318759496,0.4331492136756765
India,"Calendar Year (Jan - Dec), 2013","January, 2013",2013-01-11,8110871.3677,23143686.34,1109426.9336,685974.0752,6314068.4854,17510888.64,1401.8735,2654398.1801,7250237.568,567815.0242,2086583.1559,6005323.618,5434179.7772,14870756.57,4144.2498,5430035.5274,14866712.37,1624916.297,14845.264,1617449.2823,4087232.343,720326.0,2013,1,1,2,11,January,0.9610755385742298,-0.561117235393116
India,"Calendar Year (Jan - Dec), 2013","January, 2013",2013-01-25,8115794.5559,23143686.34,1108939.4572,693613.2511,6311741.9928,17510888.64,1499.8548,2661716.9115,7250237.568,585122.8922,2076594.0193,6005323.618,5449773.0172,14870756.57,3059.5598,5446713.4574,14866712.37,1603776.448,14992.3398,1614446.9397,4087232.343,701289.0,2013,1,1,4,25,January,0.06069863491615646,-1.3009807975358112
India,"Calendar Year (Jan - Dec), 2013","February, 2013",2013-02-08,8177734.3708,23143686.34,1124125.2022,694502.4967,6357579.6377,17510888.64,1527.0342,2684872.2986,7250237.568,575938.3292,2108933.9694,6005323.618,5498721.5448,14870756.57,1928.1298,5496793.415,14866712.37,1585933.559,14992.3398,1606768.8819,4087232.343,682931.0,2013,2,1,6,8,February,0.7632008729813178,-1.1125546220766225
India,"Calendar Year (Jan - Dec), 2013","February, 2013",2013-02-22,8174082.5957,23143686.34,1125750.1607,715009.6277,6331815.183,17510888.64,1507.6243,2669464.5995,7250237.568,593079.6201,2076384.9794,6005323.618,5529806.0535,14870756.57,1928.1298,5527877.9237,14866712.37,1594477.205,15131.3975,1634779.595,4087232.343,695839.0,2013,2,1,8,22,February,-0.0446550955853775,0.5387139928729079
India,"Calendar Year (Jan - Dec), 2013","March, 2013",2013-03-08,8276446.6084,23143686.34,1135773.7479,700786.1653,6438440.4537,17510888.64,1446.2415,2694484.4086,7250237.568,579570.7082,2114913.7004,6005323.618,5582973.1929,14870756.57,2064.7898,5580908.4031,14866712.37,1587769.339,15131.3975,1603895.369,4087232.343,685095.0,2013,3,1,10,8,March,1.2522997107204281,-0.4206937533484667
India,"Calendar Year (Jan - Dec), 2013","March, 2013",2013-03-22,8376916.5795,23143686.34,1141312.4435,746496.5341,6487599.7297,17510888.64,1507.8722,2703824.8791,7250237.568,585421.0845,2118403.7946,6005323.618,5671187.3314,14870756.57,2844.3798,5668342.9516,14866712.37,1639994.334,15339.9183,1653413.9696,4087232.343,697699.0,2013,3,1,12,22,March,1.2139264089256585,3.2892054102072743
India,"Calendar Year (Jan - Dec), 2013","March, 2013",2013-03-31,8389818.6839,23143686.34,1141060.8359,753225.296,6492292.5567,17510888.64,3239.9953,2709011.3781,7250237.568,590577.5167,2118433.8614,6005323.618,5667867.1495,14870756.57,3058.1298,5664809.0197,14866712.37,1636674.168,15339.9183,1639058.3816,4087232.343,692518.0,2013,3,1,13,31,March,0.15401973121678125,-0.20244984578099423
India,"Calendar Year (Jan - Dec), 2013","April, 2013",2013-04-05,8537198.4832,23143686.34,1152668.2718,750724.1335,6630833.3344,17510888.64,2972.7435,2701669.3092,7250237.568,557819.0325,2143850.2767,6005323.618,5758615.9881,14870756.57,2168.0298,5756447.9583,14866712.37,1659283.919,15339.9183,1597694.744,4087232.343,708593.0,2013,4,2,14,5,April,1.756650588681019,1.3814448496873855
India,"Calendar Year (Jan - Dec), 2013","April, 2013",2013-04-19,8502902.953,23143686.34,1180150.9405,719359.3738,6601327.3197,17510888.64,2065.319,2774366.1904,7250237.568,644005.2453,2130360.9451,6005323.618,5692321.3057,14870756.57,2120.5298,5690200.7759,14866712.37,1641809.319,15497.4414,1621076.0132,4087232.343,688896.0,2013,4,2,16,19,April,-0.40171878711136033,-1.053141044754502
India,"Calendar Year (Jan - Dec), 2013","May, 2013",2013-05-03,8547141.5504,23143686.34,1180610.7684,732232.7551,6632196.1794,17510888.64,2101.8475,2787630.4394,7250237.568,626767.8858,2160862.5536,6005323.618,5740648.4306,14870756.57,1475.1098,5739173.3208,14866712.37,1636681.028,15497.4414,1633300.6557,4087232.343,691802.0,2013,5,2,18,3,May,0.5202764002427251,-0.31235606599696597
India,"Calendar Year (Jan - Dec), 2013","May, 2013",2013-05-17,8550416.1638,23143686.34,1196488.4662,712574.95,6639345.5467,17510888.64,2007.2009,2830293.1304,7250237.568,673962.3968,2156330.7336,6005323.618,5731181.5629,14870756.57,1987.7498,5729193.8131,14866712.37,1649061.922,15497.4414,1675601.7894,4087232.343,700444.0,2013,5,2,20,17,May,0.03831238058582542,0.7564634640586876
India,"Calendar Year (Jan - Dec), 2013","May, 2013",2013-05-31,8627678.9731,23143686.34,1176361.442,742471.4384,6704489.0982,17510888.64,4356.9945,2843659.9354,7250237.568,645612.5181,2198047.4173,6005323.618,5787242.0707,14870756.57,2407.7998,5784834.2709,14866712.37,1673572.929,15717.9781,1692493.7374,4087232.343,734906.0,2013,5,2,22,31,May,0.9036146056505157,1.4863606195134826
India,"Calendar Year (Jan - Dec), 2013","June, 2013",2013-06-14,8628264.1645,23143686.34,1192598.9533,727744.9634,6705857.7724,17510888.64,2062.4754,2917494.2543,7250237.568,688298.747,2229195.5073,6005323.618,5765139.4887,14870756.57,2126.2998,5763013.1889,14866712.37,1721151.068,15717.9781,1791213.5491,4087232.343,784353.0,2013,6,2,24,14,June,0.006782721075104803,2.842908018859336
India,"Calendar Year (Jan - Dec), 2013","June, 2013",2013-06-28,8740570.6501,23143686.34,1166513.4788,802527.8451,6769130.4159,17510888.64,2398.9103,2928273.1095,7250237.568,678458.7623,2249814.3472,6005323.618,5826223.8951,14870756.57,2123.6648,5824100.2303,14866712.37,1679494.7,15885.8272,1709279.239,4087232.343,811315.0,2013,6,2,26,28,June,1.301611580948947,-2.42026215911455
India,"Calendar Year (Jan - Dec), 2013","July, 2013",2013-07-12,8746104.7267,23143686.34,1179174.908,737123.3349,6823387.4909,17510888.64,6418.9929,2962823.037,7250237.568,685711.9198,2277111.1172,6005323.618,5808779.1702,14870756.57,1454.9748,5807324.1954,14866712.37,1665395.928,15885.8272,1706751.4036,4087232.343,811641.0,2013,7,3,28,12,July,0.0633148202965117,-0.8394651081661597
India,"Calendar Year (Jan - Dec), 2013","July, 2013",2013-07-26,8732972.47,23143686.34,1157939.8693,747423.8893,6825424.7539,17510888.64,2183.9575,2969126.9254,7250237.568,670095.5676,2299031.3578,6005323.618,5824211.333,14870756.57,3509.8248,5820701.5082,14866712.37,1640020.359,16039.1781,1716398.4454,4087232.343,802665.0,2013,7,3,30,26,July,-0.15014977650461558,-1.523695871556141
India,"Calendar Year (Jan - Dec), 2013","August, 2013",2013-08-09,8754938.3855,23143686.34,1171436.7881,726537.6317,6854573.2997,17510888.64,2390.666,2917413.7512,7250237.568,654906.4934,2262507.2578,6005323.618,5918312.6588,14870756.57,3604.8248,5914707.834,14866712.37,1689548.569,16039.1781,1786343.3551,4087232.343,822016.0,2013,8,3,32,9,August,0.2515285096278408,3.019975314830825
India,"Calendar Year (Jan - Dec), 2013","August, 2013",2013-08-23,8761909.7207,23143686.34,1163217.4456,734977.7742,6858284.7725,17510888.64,5429.7284,2933157.3578,7250237.568,657706.3469,2275451.0109,6005323.618,5945932.6891,14870756.57,3827.0248,5942105.6643,14866712.37,1774095.763,16228.4481,1907464.4256,4087232.343,916270.0,2013,8,3,34,23,August,0.07962746158836076,5.004129242052002
India,"Calendar Year (Jan - Dec), 2013","September, 2013",2013-09-06,8821877.9859,23143686.34,1164266.0093,735759.1727,6917331.6919,17510888.64,4521.112,2951160.0231,7250237.568,685638.2722,2265521.7509,6005323.618,6029346.9035,14870756.57,3779.5248,6025567.3787,14866712.37,1799252.184,16228.4481,1974067.1587,4087232.343,954721.0,2013,9,3,36,6,September,0.6844200306963311,1.417985518293574
India,"Calendar Year (Jan - Dec), 2013","September, 2013",2013-09-20,8833080.65,23143686.34,1166419.3012,739961.1689,6922572.4471,17510888.64,4127.7328,2916854.5925,7250237.568,679812.7335,2237041.859,6005323.618,6035347.0435,14870756.57,3779.5248,6031567.5187,14866712.37,1793317.594,16384.7563,1928787.5637,4087232.343,885532.0,2013,9,3,38,20,September,0.1269872936114691,-0.329836476107892
India,"Calendar Year (Jan - Dec), 2013","October, 2013",2013-10-04,9007881.8088,23143686.34,1159488.1305,759561.5372,7085046.6493,17510888.64,3785.4918,2962946.8209,7250237.568,663710.3219,2299236.499,6005323.618,6083794.0139,14870756.57,3770.6148,6080023.3991,14866712.37,1764464.078,16384.7563,1819673.4705,4087232.343,856977.0,2013,10,4,40,4,October,1.9789376518372537,-1.608946240004383
India,"Calendar Year (Jan - Dec), 2013","October, 2013",2013-10-18,9004838.2779,23143686.34,1188621.9382,737092.1057,7075393.9995,17510888.64,3730.2345,2997333.0054,7250237.568,697167.0783,2300165.9271,6005323.618,6035726.1217,14870756.57,3813.3048,6031912.8169,14866712.37,1781893.779,16555.8638,1826635.8941,4087232.343,870520.0,2013,10,4,42,18,October,-0.03378742044581884,0.9878184099818332
India,"Calendar Year (Jan - Dec), 2013","November, 2013",2013-11-01,9115861.6224,23143686.34,1200963.7776,755085.1843,7155449.6783,17510888.64,4362.9822,3019729.3768,7250237.568,708808.6873,2310920.6895,6005323.618,6079084.9781,14870756.57,3820.3048,6075264.6733,14866712.37,1797214.395,16555.8638,1796687.1842,4087232.343,865392.0,2013,11,4,44,1,November,1.2329299102736613,0.8597940113241664
India,"Calendar Year (Jan - Dec), 2013","November, 2013",2013-11-15,9109172.0704,23143686.34,1228232.4325,733912.4875,7143039.9542,17510888.64,3987.1962,3030403.1429,7250237.568,707688.0434,2322715.0995,6005323.618,6070195.5513,14870756.57,3820.3048,6066375.2465,14866712.37,1841213.544,16555.8638,1849158.903,4087232.343,901780.0,2013,11,4,46,15,November,-0.07338365013750403,2.448185877122344
India,"Calendar Year (Jan - Dec), 2013","November, 2013",2013-11-29,9182557.421,23143686.34,1207835.2477,747894.7675,7218884.5225,17510888.64,7942.8833,3001933.4967,7250237.568,658385.9775,2343547.5192,6005323.618,6083747.3339,14870756.57,3886.8046,6079860.5293,14866712.37,1872877.312,16743.3285,1792707.7433,4087232.343,883643.0,2013,11,4,48,29,November,0.8056204233803488,1.7197227395585601
India,"Calendar Year (Jan - Dec), 2013","December, 2013",2013-12-13,9247898.0397,23143686.34,1227210.648,773276.9997,7245136.5974,17510888.64,2273.7946,3030092.6651,7250237.568,676152.3059,2353940.3592,6005323.618,6123889.5538,14870756.57,5444.3048,6118445.249,14866712.37,1893971.633,16743.3285,1816763.12,4087232.343,876472.0,2013,12,4,50,13,December,0.7115732110813511,1.1263055441401937
India,"Calendar Year (Jan - Dec), 2013","December, 2013",2013-12-27,9222992.2893,23143686.34,1213663.5854,773535.2919,7233306.5223,17510888.64,2486.8896,2961612.6808,7250237.568,626493.4467,2335119.2341,6005323.618,6185876.4582,14870756.57,7338.6548,6178537.8034,14866712.37,1898888.842,16853.3557,1840202.5151,4087232.343,881504.0,2013,12,4,52,27,December,-0.26931255397801834,0.25962421581844364
India,"Calendar Year (Jan - Dec), 2014","January, 2014",2014-01-10,9280430.3748,23143686.34,1226626.3026,754316.4039,7297123.0933,17510888.64,2364.5749,2993172.8435,7250237.568,640090.9694,2353081.8741,6005323.618,6215240.7004,14870756.57,7319.6548,6207921.0456,14866712.37,1879864.792,16853.3557,1824666.1974,4087232.343,869327.0,2014,1,1,2,10,January,0.6227706117312604,-1.0018516923804288
India,"Calendar Year (Jan - Dec), 2014","January, 2014",2014-01-24,9295875.0012,23143686.34,1227521.3726,778364.1002,7287555.7484,17510888.64,2433.78,3000127.109728,7250237.568,660142.980128,2339984.1296,6005323.618,6234689.9817,14870756.57,8126.4048,6226563.5769,14866712.37,1879538.469,17019.072028,1835463.028837,4087232.343,873229.0,2014,1,1,4,24,January,0.16642144573313367,-0.017358854817040026
India,"Calendar Year (Jan - Dec), 2014","February, 2014",2014-02-07,9351463.5742,23143686.34,1237440.749,768236.1556,7344482.3911,17510888.64,1304.2785,3017093.156163,7250237.568,656939.796563,2360153.3596,6005323.618,6295131.036,14870756.57,8327.0048,6286804.0312,14866712.37,1885204.713,17019.072028,1862948.334356,4087232.343,887214.0,2014,2,1,6,7,February,0.5979918296322273,0.30146996688047434
India,"Calendar Year (Jan - Dec), 2014","February, 2014",2014-02-21,9363800.4706,23143686.34,1239384.0011,778293.4641,7344614.768,17510888.64,1508.2375,3027654.370097,7250237.568,658950.572497,2368703.7976,6005323.618,6306647.9863,14870756.57,7884.1048,6298763.8815,14866712.37,1887545.796,17168.396155,1875179.523904,4087232.343,889803.0,2014,2,1,8,21,February,0.13192476559535926,0.12418189832947846
India,"Calendar Year (Jan - Dec), 2014","March, 2014",2014-03-07,9459644.9894,23143686.34,1248555.2082,788719.8423,7420908.9056,17510888.64,1461.0334,3048673.653994,7250237.568,687061.566394,2361612.0876,6005323.618,6381747.1261,14870756.57,7666.4148,6374080.7113,14866712.37,1868955.728,17168.396155,1856865.216406,4087232.343,872207.0,2014,3,1,10,7,March,1.023564300637636,-0.9848803689635144
India,"Calendar Year (Jan - Dec), 2014","March, 2014",2014-03-21,9519360.6203,23143686.34,1253389.5351,809374.0285,7454839.8385,17510888.64,1757.2182,3002016.140097,7250237.568,655987.646597,2346028.4935,6005323.618,6452100.6031,14870756.57,8539.7648,6443560.8383,14866712.37,1915064.547,17336.3896,1867122.820927,4087232.343,871615.0,2014,3,1,12,21,March,0.6312671455103835,2.467089953454482
India,"Calendar Year (Jan - Dec), 2014","March, 2014",2014-03-31,9517386.174048,23143686.34,1245819.3039,811977.5308,7457624.2202,17510888.64,1965.119148,3044869.7486,7250237.568,698707.8457,2346161.9029,6005323.618,6445296.4537,14870756.57,8839.3648,6436457.0889,14866712.37,1923979.7,17339.0,1914066.7304,4087232.343,843351.0,2014,3,1,14,31,March,-0.02074137466534509,0.46552754652400274
India,"Calendar Year (Jan - Dec), 2014","April, 2014",2014-04-04,9716297.9427,23143686.34,1253145.5695,857230.5151,7603745.009,17510888.64,2176.8491,3023007.932964,7250237.568,620192.509464,2402815.4235,6005323.618,6523272.7816,14870756.57,8560.9848,6514711.7968,14866712.37,1944876.872,17339.0,1792166.461403,4087232.343,851624.0,2014,4,2,14,4,April,2.089983163595832,1.086143060657041
India,"Calendar Year (Jan - Dec), 2014","April, 2014",2014-04-18,9687535.1801,23143686.34,1290927.8834,827356.8394,7566906.8678,17510888.64,2343.5895,3055076.740931,7250237.568,656875.316631,2398201.4243,6005323.618,6476927.4164,14870756.57,8990.2548,6467937.1616,14866712.37,1963063.125,17477.0,1824975.824377,4087232.343,862550.0,2014,4,2,16,18,April,-0.2960259429015455,0.9350850566338664
India,"Calendar Year (Jan - Dec), 2014","May, 2014",2014-05-02,9707921.5662,23143686.34,1293627.9473,836449.3517,7575828.1738,17510888.64,2016.0934,3056977.886699,7250237.568,638656.742399,2418321.1443,6005323.618,6508551.4734,14870756.57,8990.2548,6499561.2186,14866712.37,1973825.519,17477.0,1848877.353233,4087232.343,856256.0,2014,5,2,18,2,May,0.21043935037137196,0.5482449271721812
India,"Calendar Year (Jan - Dec), 2014","May, 2014",2014-05-16,9703639.9245,23143686.34,1321572.626,813614.0302,7565833.8579,17510888.64,2619.4104,3077452.181978,7250237.568,650285.927678,2427166.2543,6005323.618,6483162.6651,14870756.57,7897.5548,6475265.1103,14866712.37,1953814.776,17477.0,1828237.377293,4087232.343,821322.0,2014,5,2,20,16,May,-0.044104617768103704,-1.0138050606488314
India,"Calendar Year (Jan - Dec), 2014","May, 2014",2014-05-30,9766351.1326,23143686.34,1309198.735,846068.1251,7608965.5832,17510888.64,2118.6893,3098958.162113,7250237.568,669949.129913,2429009.0322,6005323.618,6511544.4016,14870756.57,8290.9048,6503253.4968,14866712.37,1943895.636,17698.0,1805715.745604,4087232.343,826691.0,2014,5,2,22,30,May,0.6462647891711804,-0.5076806727968064
India,"Calendar Year (Jan - Dec), 2014","June, 2014",2014-06-13,9750697.7396,23143686.34,1329303.6852,817645.4064,7602144.417,17510888.64,1604.231,3122742.862774,7250237.568,703809.520574,2418933.3422,6005323.618,6531555.152,14870756.57,7805.1548,6523749.9972,14866712.37,1960623.511,17698.0,1881891.549352,4087232.343,838203.0,2014,6,2,24,13,June,-0.16027882663104398,0.8605335950247595
India,"Calendar Year (Jan - Dec), 2014","June, 2014",2014-06-27,9774040.1456,23143686.34,1302003.7642,844987.0981,7626366.5032,17510888.64,682.7801,3088396.826289,7250237.568,664524.222789,2423872.6035,6005323.618,6567702.0194,14870756.57,8110.5748,6559591.4446,14866712.37,1969604.622,17889.0,1869520.300445,4087232.343,864791.0,2014,6,2,26,27,June,0.23939216067789815,0.4580742273879723
India,"Calendar Year (Jan - Dec), 2014","July, 2014",2014-07-11,9837316.0121,23143686.34,1313006.9624,806003.6261,7710825.2181,17510888.64,7480.2055,3006955.661614,7250237.568,568077.048114,2438878.6135,6005323.618,6572001.2251,14870756.57,11181.19,6560820.0351,14866712.37,1988954.684,17889.0,1748452.25019,4087232.343,871731.0,2014,7,3,28,11,July,0.6473870125086822,0.9824338237159003
India,"Calendar Year (Jan - Dec), 2014","July, 2014",2014-07-25,9818912.9083,23143686.34,1293646.9419,805747.9134,7711382.776,17510888.64,8135.277,2979649.907904,7250237.568,528252.754804,2451397.1531,6005323.618,6564709.1573,14870756.57,11499.19,6553209.9673,14866712.37,2009599.991,18056.0,1753070.692001,4087232.343,875172.0,2014,7,3,30,25,July,-0.18707443958662084,1.0379978571698922
India,"Calendar Year (Jan - Dec), 2014","August, 2014",2014-08-08,9899707.9428,23143686.34,1301197.1457,806595.5493,7785564.4429,17510888.64,6350.8049,3053157.152018,7250237.568,554856.048918,2498301.1031,6005323.618,6579520.1535,14870756.57,10334.61,6569185.5435,14866712.37,2039221.785,18056.0,1790212.933982,4087232.343,912077.0,2014,8,3,32,8,August,0.8228511165599972,1.4740144373338593
India,"Calendar Year (Jan - Dec), 2014","August, 2014",2014-08-22,9884810.4258,23143686.34,1292407.4464,811458.4816,7774414.7282,17510888.64,6529.7696,3014163.677512,7250237.568,516548.877612,2497614.7999,6005323.618,6573893.4924,14870756.57,11115.01,6562778.4824,14866712.37,2005822.762,18265.0,1727303.665027,4087232.343,826953.0,2014,8,3,34,22,August,-0.1504844090964852,-1.6378318065094488
India,"Calendar Year (Jan - Dec), 2014","September, 2014",2014-09-05,9968453.1518,23143686.34,1291206.9781,828406.5959,7841947.7357,17510888.64,6891.8421,3147386.031176,7250237.568,588132.671276,2559253.3599,6005323.618,6587109.7788,14870756.57,5866.09,6581243.6888,14866712.37,1999091.52,18265.0,1783369.917188,4087232.343,818652.0,2014,9,3,36,5,September,0.8461743057983862,-0.33558508396267506
India,"Calendar Year (Jan - Dec), 2014","September, 2014",2014-09-19,9931700.9118,23143686.34,1287838.3511,819299.9584,7817459.7609,17510888.64,7102.8414,3029459.646455,7250237.568,522726.879855,2506732.7666,6005323.618,6604736.8548,14870756.57,8538.09,6596198.7648,14866712.37,1999086.118,18417.0,1719969.251608,4087232.343,820378.0,2014,9,3,38,19,September,-0.368685486507625,-0.0002702227459794315
India,"Calendar Year (Jan - Dec), 2014","October, 2014",2014-10-03,10114311.0903,23143686.34,1285430.9216,866052.4444,7954510.6422,17510888.64,8317.0821,3145640.54185,7250237.568,605234.20525,2540406.3366,6005323.618,6728937.8668,14870756.57,9796.02,6719141.8468,14866712.37,2000272.86,18417.0,1778926.958741,4087232.343,821496.0,2014,10,4,40,3,October,1.838659662848241,0.05936422594876589
India,"Calendar Year (Jan - Dec), 2014","October, 2014",2014-10-17,10056706.0144,23143686.34,1304468.6388,826320.4974,7918547.0819,17510888.64,7369.7963,3100810.830863,7250237.568,559263.684263,2541547.1466,6005323.618,6678431.1723,14870756.57,7715.02,6670716.1523,14866712.37,2010495.793,18417.0,1751417.796386,4087232.343,831175.0,2014,10,4,42,17,October,-0.5695402819401618,0.5110769237752777
India,"Calendar Year (Jan - Dec), 2014","October, 2014",2014-10-31,10120225.7622,23143686.34,1300517.4525,840722.2502,7970920.1113,17510888.64,8065.9482,3108212.351612,7250237.568,565986.301312,2542226.0503,6005323.618,6737347.1981,14870756.57,7679.02,6729668.1781,14866712.37,2018681.796,18612.0,1762598.492528,4087232.343,822587.0,2014,10,4,44,31,October,0.6316158363289803,0.40716339862543194
India,"Calendar Year (Jan - Dec), 2014","November, 2014",2014-11-14,10118419.7635,23143686.34,1321580.8667,823898.602,7964929.3139,17510888.64,8010.9809,3126715.31989,7250237.568,583620.14959,2543095.1703,6005323.618,6711886.0903,14870756.57,4976.02,6706910.0703,14866712.37,2022997.833,18612.0,1761763.149533,4087232.343,828904.0,2014,11,4,46,14,November,-0.01784543885123835,0.21380472190080102
India,"Calendar Year (Jan - Dec), 2014","November, 2014",2014-11-28,10165696.5686,23143686.34,1309125.4893,852043.2435,7995800.3541,17510888.64,8727.4817,3114116.674783,7250237.568,556815.495383,2557301.1794,6005323.618,6744007.826,14870756.57,4214.16,6739793.666,14866712.37,2036194.716,18740.0,1747333.840779,4087232.343,831644.0,2014,11,4,48,28,November,0.467235064417304,0.6523429133104663
India,"Calendar Year (Jan - Dec), 2014","December, 2014",2014-12-12,10169435.6835,23143686.34,1336330.8025,818914.9441,8005947.5277,17510888.64,8242.4092,3153191.694361,7250237.568,565854.924961,2587336.7694,6005323.618,6764540.1056,14870756.57,4771.28,6759768.8256,14866712.37,2054734.591,18740.0,1821740.724957,4087232.343,839178.0,2014,12,4,50,12,December,0.03678168903396006,0.9105158192542984
India,"Calendar Year (Jan - Dec), 2014","December, 2014",2014-12-26,10210842.0047,23143686.34,1326461.0692,853977.2402,8022266.0882,17510888.64,8137.6071,3076094.941385,7250237.568,507269.683985,2568825.2574,6005323.618,6812214.5848,14870756.57,5746.27,6806468.3148,14866712.37,2083746.048,18882.781975,1780065.546137,4087232.343,861363.0,2014,12,4,52,26,December,0.40716439425623197,1.411932087339829
India,"Calendar Year (Jan - Dec), 2015","January, 2015",2015-01-09,10306117.5526,23143686.34,1341867.0141,822008.3827,8133682.1137,17510888.64,8560.0421,3138501.2598,7250237.568,513162.5924,2625338.6674,6005323.618,6859254.731,14870756.57,6056.49,6853198.241,14866712.37,2051576.993,18882.782,1762071.4612,4087232.343,821530.0,2015,1,1,2,9,January,0.9330821871119444,-1.5438088067821987
India,"Calendar Year (Jan - Dec), 2015","January, 2015",2015-01-23,10301433.0667,23143686.34,1350993.2769,829075.256,8113015.6687,17510888.64,8348.8651,3092200.8821,7250237.568,459429.8506,2632771.0315,6005323.618,6863506.5528,14870756.57,5880.35,6857626.2028,14866712.37,2048503.472,19080.6341,1721836.0889,4087232.343,775654.0,2015,1,1,4,23,January,-0.045453449139221114,-0.14981260808084595
India,"Calendar Year (Jan - Dec), 2015","February, 2015",2015-02-06,10383057.1132,23143686.34,1362941.0735,840182.5693,8171588.4386,17510888.64,8345.0317,3132949.957,7250237.568,476537.2721,2656412.6849,6005323.618,6916307.4756,14870756.57,5588.61,6910718.8656,14866712.37,2103049.076,19080.6341,1788305.7134,4087232.343,793501.0,2015,2,1,6,6,February,0.7923562282208474,2.6627049817370185
India,"Calendar Year (Jan - Dec), 2015","February, 2015",2015-02-20,10409353.3606,23143686.34,1374172.6099,852780.1855,8174357.6052,17510888.64,8042.96,3133337.5133,7250237.568,463259.225,2670078.2883,6005323.618,6930038.999,14870756.57,6054.61,6923984.389,14866712.37,2138408.476,19256.1419,1811662.9254,4087232.343,814150.0,2015,2,1,8,20,February,0.2532611264034257,1.6813397463483648
India,"Calendar Year (Jan - Dec), 2015","March, 2015",2015-03-06,10501962.4736,23143686.34,1385418.6291,881827.8755,8225609.9116,17510888.64,9106.0574,3187261.2719,7250237.568,482653.2636,2704608.0083,6005323.618,7004024.9935,14870756.57,5282.91,6998742.0835,14866712.37,2159708.897,19256.1419,1868265.3672,4087232.343,787862.0,2015,3,1,10,6,March,0.8896721034615807,0.9960875688186377
India,"Calendar Year (Jan - Dec), 2015","March, 2015",2015-03-20,10544015.3198,23143686.34,1386224.3036,891606.5135,8257219.7347,17510888.64,8964.7679,3006734.8248,7250237.568,364001.7742,2642733.0506,6005323.618,7039896.9186,14870756.57,5464.66,7034432.2586,14866712.37,2232610.277,19428.3255,1754632.8014,4087232.343,797256.0,2015,3,1,12,20,March,0.40042845616439227,3.3755188072459807
India,"Calendar Year (Jan - Dec), 2015","March, 2015",2015-03-31,10550167.7829,23143686.34,1386181.5568,891632.2821,8257763.9522,17510888.64,14589.9918,3007394.0484,7250237.568,364523.1165,2642870.9319,6005323.618,7049723.9229,14870756.57,14846.73,7034877.1929,14866712.37,2250672.028,19429.3255,1777028.9106,4087232.343,785296.0,2015,3,1,14,31,March,0.05835028604752601,0.8089970375066979
India,"Calendar Year (Jan - Dec), 2015","April, 2015",2015-04-03,10877767.2736,23143686.34,1387614.9065,1040051.3266,8435297.0333,17510888.64,14804.0072,3092176.1999,7250237.568,403801.5893,2688374.6106,6005323.618,7314785.6157,14870756.57,14846.73,7299938.8857,14866712.37,2259016.074,19429.3255,1807617.3096,4087232.343,802507.0,2015,4,2,14,3,April,3.105159059469975,0.37073575786228385
India,"Calendar Year (Jan - Dec), 2015","April, 2015",2015-04-17,10731908.8058,23143686.34,1432163.8208,894626.8166,8395895.099,17510888.64,9223.0695,3172087.6217,7250237.568,454922.8215,2717164.8002,6005323.618,7082949.2003,14870756.57,6375.38,7076573.8203,14866712.37,2253074.075,19548.7743,1795728.0961,4087232.343,799936.0,2015,4,2,16,17,April,-1.3408860856399696,-0.2630348260195592
India,"Calendar Year (Jan - Dec), 2015","May, 2015",2015-05-01,10825429.9732,23143686.34,1430890.4885,926069.4403,8456441.6878,17510888.64,12028.3567,3155844.7545,7250237.568,429826.5143,2726018.2402,6005323.618,7157570.3583,14870756.57,6058.28,7151512.0783,14866712.37,2348795.934,19548.7743,1856302.7418,4087232.343,860409.0,2015,5,2,18,1,May,0.8714308804921744,4.248500307296799
India,"Calendar Year (Jan - Dec), 2015","May, 2015",2015-05-15,10780791.6822,23143686.34,1461927.5165,878700.9689,8430378.2331,17510888.64,9784.9638,3175533.5785,7250237.568,419656.9183,2755876.6602,6005323.618,7111870.8023,14870756.57,6198.28,7105672.5223,14866712.37,2361419.989,19548.7743,1887553.4703,4087232.343,879348.0,2015,5,2,20,15,May,-0.41234658679156766,0.5374692120869495
India,"Calendar Year (Jan - Dec), 2015","May, 2015",2015-05-29,10818048.6363,23143686.34,1446218.4272,908799.5871,8451746.7859,17510888.64,11283.8361,3190802.5292,7250237.568,423557.0141,2767245.5151,6005323.618,7119527.9252,14870756.57,6424.79,7113103.1352,14866712.37,2358534.467,19796.3592,1870586.6402,4087232.343,857192.0,2015,5,2,22,29,May,0.34558643927342647,-0.12219435820147728
India,"Calendar Year (Jan - Dec), 2015","June, 2015",2015-06-12,10810063.6501,23143686.34,1462441.7387,886416.5123,8450812.0419,17510888.64,10393.3572,3260841.2325,7250237.568,476521.3474,2784319.8851,6005323.618,7175817.5338,14870756.57,6457.79,7169359.7438,14866712.37,2378506.838,19796.3592,2024870.6082,4087232.343,881574.0,2015,6,2,24,12,June,-0.07381170549747296,0.8468127678203485
India,"Calendar Year (Jan - Dec), 2015","June, 2015",2015-06-26,10811167.0663,23143686.34,1430990.6249,904844.9329,8466283.6686,17510888.64,9047.8399,3204615.2816,7250237.568,444353.8278,2760261.4538,6005323.618,7149279.0841,14870756.57,6327.79,7142951.2941,14866712.37,2354711.022,19995.9208,1917407.0605,4087232.343,869568.0,2015,6,2,26,26,June,0.010207305301013214,-1.000451864162355
India,"Calendar Year (Jan - Dec), 2015","July, 2015",2015-07-10,10906448.6859,23143686.34,1439262.7531,875843.4411,8580281.893,17510888.64,11060.5987,3298271.5207,7250237.568,500244.3269,2798027.1938,6005323.618,7158782.5348,14870756.57,4378.155,7154404.3798,14866712.37,2342324.983,19995.9208,1912899.7358,4087232.343,849400.0,2015,7,3,28,10,July,0.8813259384087058,-0.5260110002576757
India,"Calendar Year (Jan - Dec), 2015","July, 2015",2015-07-24,10907693.0453,23143686.34,1424704.8187,887274.4924,8575646.067,17510888.64,20067.6671,3284650.0209,7250237.568,485378.0,2799272.0209,6005323.618,7152129.1874,14870756.57,4615.0,7147514.1874,14866712.37,2353753.224,20240.2794,1903053.1692,4087232.343,860087.0,2015,7,3,30,24,July,0.01140939123114304,0.48790159704323877
India,"Calendar Year (Jan - Dec), 2015","August, 2015",2015-08-07,10959808.0014,23143686.34,1426746.5686,889187.0172,8628682.4889,17510888.64,15191.9267,3375850.3409,7250237.568,548860.0,2826990.3409,6005323.618,7167625.9788,14870756.57,5042.0,7162583.9788,14866712.37,2349836.906,20240.2794,1953719.3244,4087232.343,888827.0,2015,8,3,32,7,August,0.47778165266996186,-0.16638609179872033
India,"Calendar Year (Jan - Dec), 2015","August, 2015",2015-08-21,10979536.4959,23143686.34,1423315.6775,902076.9497,8639012.942,17510888.64,15130.9267,3305530.8377,7250237.568,471339.0,2834191.8377,6005323.618,7163351.9044,14870756.57,5510.0,7157841.9044,14866712.37,2425017.837,20452.3986,1934784.3715,4087232.343,899701.0,2015,8,3,34,21,August,0.18000766525727574,3.199410597732766
India,"Calendar Year (Jan - Dec), 2015","September, 2015",2015-09-04,11049100.5172,23143686.34,1423435.201,911067.0361,8699071.3534,17510888.64,15526.9267,3411125.8277,7250237.568,563440.0,2847685.8277,6005323.618,7195600.0115,14870756.57,4825.0,7190775.0115,14866712.37,2412372.15,20452.3986,1990417.4473,4087232.343,895677.0,2015,9,3,36,4,September,0.6335788521307562,-0.5214677932284362
India,"Calendar Year (Jan - Dec), 2015","September, 2015",2015-09-18,10990292.5697,23143686.34,1434044.7332,899513.5975,8641226.3124,17510888.64,15507.9267,3226057.1986,7250237.568,420204.0,2805853.1986,6005323.618,7213567.9529,14870756.57,6547.0,7207020.9529,14866712.37,2434413.745,20649.1007,1904362.3791,4087232.343,898772.0,2015,9,3,38,18,September,-0.5322419450203619,0.9136896643413994
India,"Calendar Year (Jan - Dec), 2015","October, 2015",2015-10-02,11178678.9158,23143686.34,1415212.8456,936941.0129,8810292.1307,17510888.64,16232.9267,3339358.8486,7250237.568,492036.0,2847322.8486,6005323.618,7338528.5299,14870756.57,6553.0,7331975.5299,14866712.37,2414310.263,20649.1007,1934137.26,4087232.343,887703.0,2015,10,4,40,2,October,1.7141158427335768,-0.8258038322898287
India,"Calendar Year (Jan - Dec), 2015","October, 2015",2015-10-16,11119372.0765,23143686.34,1447876.0121,889268.9116,8767545.2262,17510888.64,14681.9267,3280443.5386,7250237.568,461820.0,2818623.5386,6005323.618,7293044.1897,14870756.57,6340.0,7286704.1897,14866712.37,2413865.268,20649.1007,1888599.4491,4087232.343,886118.0,2015,10,4,42,16,October,-0.5305353141163649,-0.01843155814806874
India,"Calendar Year (Jan - Dec), 2015","October, 2015",2015-10-30,11197261.3714,23143686.34,1444990.7332,942681.7707,8794225.9408,17510888.64,15362.9267,3280292.6346,7250237.568,441406.0,2838886.6346,6005323.618,7326809.8408,14870756.57,6740.0,7320069.8408,14866712.37,2420086.264,20917.7528,1850815.5535,4087232.343,882203.0,2015,10,4,44,30,October,0.7004828542846786,0.25771927217603796
India,"Calendar Year (Jan - Dec), 2015","November, 2015",2015-11-13,11224180.4185,23143686.34,1507787.8327,901784.8509,8799689.8082,17510888.64,14917.9267,3298968.2446,7250237.568,448450.0,2850518.2446,6005323.618,7349846.9939,14870756.57,6804.0,7343042.9939,14866712.37,2440202.894,20917.7528,1885725.2695,4087232.343,902619.0,2015,11,4,46,13,November,0.24040741934234777,0.8312360720047485
India,"Calendar Year (Jan - Dec), 2015","November, 2015",2015-11-27,11225141.6041,23143686.34,1481211.2001,926376.6977,8802516.544,17510888.64,15037.1623,3310990.7384,7250237.568,449805.0,2861185.7384,6005323.618,7378404.2852,14870756.57,7088.0,7371316.2852,14866712.37,2452992.913,21142.1091,1938358.4609,4087232.343,917772.0,2015,11,4,48,27,November,0.008563525924931703,0.5241375228038914
India,"Calendar Year (Jan - Dec), 2015","December, 2015",2015-12-11,11312038.6387,23143686.34,1502679.9112,925056.6652,8869510.1356,17510888.64,14791.9267,3380254.0684,7250237.568,470462.0,2909792.0684,6005323.618,7478914.1185,14870756.57,6626.0,7472288.1185,14866712.37,2462857.966,21142.1091,2031097.354,4087232.343,923664.0,2015,12,4,50,11,December,0.774128627190418,0.4021639421670775
India,"Calendar Year (Jan - Dec), 2015","December, 2015",2015-12-25,11304485.5897,23143686.34,1499747.934,944061.7764,8846331.9527,17510888.64,14343.9267,3254921.793,7250237.568,393214.0,2861707.793,6005323.618,7527954.5397,14870756.57,6456.0,7521498.5397,14866712.37,2425039.976,21305.909,1924705.9486,4087232.343,900422.0,2015,12,4,52,25,December,-0.06677000708040781,-1.5355327234489957
India,"Calendar Year (Jan - Dec), 2016","January, 2016",2016-01-08,11409354.5469,23143686.34,1509900.9485,919800.4486,8965084.2232,17510888.64,14568.9267,3335606.313,7250237.568,429410.0,2906196.313,6005323.618,7593771.1495,14870756.57,7048.0,7586723.1495,14866712.37,2417891.587,21305.909,1959189.1212,4087232.343,894705.0,2016,1,1,1,8,January,0.9276756236971107,-0.29477406849972576
India,"Calendar Year (Jan - Dec), 2016","January, 2016",2016-01-22,11420315.4328,23143686.34,1517274.8724,911611.7414,8978768.8923,17510888.64,12659.9267,3292497.8582,7250237.568,408665.0,2883832.8582,6005323.618,7606592.8626,14870756.57,6964.0,7599628.8626,14866712.37,2441624.255,21514.1753,1941880.76,4087232.343,921797.0,2016,1,1,3,22,January,0.09606928994048136,0.9815439256086078
India,"Calendar Year (Jan - Dec), 2016","February, 2016",2016-02-05,11528648.8133,23143686.34,1536754.3022,939796.0732,9039448.5112,17510888.64,12649.9267,3418968.3982,7250237.568,485748.0,2933220.3982,6005323.618,7675503.7888,14870756.57,6473.0,7669030.7888,14866712.37,2467093.918,21514.1753,2054396.8457,4087232.343,951239.0,2016,2,1,5,5,February,0.948602349361205,1.043144249072836
India,"Calendar Year (Jan - Dec), 2016","February, 2016",2016-02-19,11560893.8918,23143686.34,1558727.0343,939691.7705,9035345.9247,17510888.64,27129.1623,3338902.1462,7250237.568,444477.0,2894425.1462,6005323.618,7699949.4835,14870756.57,8023.0,7691926.4835,14866712.37,2494027.821,21719.5632,1993494.8334,4087232.343,977897.0,2016,2,1,7,19,February,0.27969520992607855,1.0917258886453007
India,"Calendar Year (Jan - Dec), 2016","March, 2016",2016-03-04,11612933.3553,23143686.34,1569384.77,957658.85,9073016.573,17510888.64,12873.1623,3432889.1962,7250237.568,524637.0,2908252.1962,6005323.618,7776007.226,14870756.57,7848.0,7768159.226,14866712.37,2461422.639,21719.5632,2078902.1624,4087232.343,956007.0,2016,3,1,9,4,March,0.45013356222316503,-1.3073303242834955
India,"Calendar Year (Jan - Dec), 2016","March, 2016",2016-03-18,11620384.3877,23143686.34,1593537.2881,990637.9822,9022690.9551,17510888.64,13518.1623,3245963.2298,7250237.568,429903.0,2816060.2298,6005323.618,7807902.0225,14870756.57,8694.0,7799208.0225,14866712.37,2513122.999,21905.2338,1968305.0507,4087232.343,953023.0,2016,3,1,11,18,March,0.06416150142289911,2.1004259561455907
India,"Calendar Year (Jan - Dec), 2016","March, 2016",2016-03-31,11617615.0952,23143686.34,1597253.8844,989833.7486,9015076.7973,17510888.64,15450.6648,3238483.6699,7250237.568,424995.0,2813488.6699,6005323.618,7803068.6828,14870756.57,20083.0,7782985.6828,14866712.37,2533925.813,21905.2338,1979564.9462,4087232.343,954376.0,2016,3,1,13,31,March,-0.02383133300591922,0.8277674434668647
India,"Calendar Year (Jan - Dec), 2016","April, 2016",2016-04-01,11967063.5412,23143686.34,1595208.7421,1179797.9952,9176973.139,17510888.64,15083.6648,3198640.7498,7250237.568,425334.0,2773306.7498,6005323.618,8070676.2154,14870756.57,20083.0,8050593.2154,14866712.37,2531159.813,21905.2338,1855115.1127,4087232.343,951581.0,2016,4,2,13,1,April,3.0079189501154957,-0.10915868119774075
India,"Calendar Year (Jan - Dec), 2016","April, 2016",2016-04-15,11847088.661,23143686.34,1653296.7798,1007841.4851,9172057.7312,17510888.64,13892.6648,3522566.2598,7250237.568,627343.0,2895223.2598,6005323.618,7789862.8157,14870756.57,8335.0,7781527.8157,14866712.37,2537493.055,21905.2338,2024534.1032,4087232.343,954410.0,2016,4,2,15,15,April,-1.0025423512372345,0.2502110679646785
India,"Calendar Year (Jan - Dec), 2016","April, 2016",2016-04-29,11886046.8718,23143686.34,1648624.8108,1009360.4719,9214749.9243,17510888.64,13311.6648,3501585.6188,7250237.568,616850.0,2884735.6188,6005323.618,7791437.3213,14870756.57,8269.0,7783168.3213,14866712.37,2559231.523,22136.9102,1988138.4333,4087232.343,971804.0,2016,4,2,17,29,April,0.3288420633522193,0.8566907388047884
India,"Calendar Year (Jan - Dec), 2016","May, 2016",2016-05-13,11880218.6065,23143686.34,1676803.9957,947449.7173,9242768.0383,17510888.64,13196.8552,3506985.0588,7250237.568,615224.0,2891761.0588,6005323.618,7784203.0439,14870756.57,8131.0,7776072.0439,14866712.37,2553594.451,22136.9102,1986495.0516,4087232.343,966835.0,2016,5,2,19,13,May,-0.049034513853618567,-0.2202642453150272
India,"Calendar Year (Jan - Dec), 2016","May, 2016",2016-05-27,11890102.1238,23143686.34,1660325.897,981035.9917,9235437.3799,17510888.64,13302.8552,3556329.9403,7250237.568,630133.0,2926196.9403,6005323.618,7790036.9326,14870756.57,7581.0,7782455.9326,14866712.37,2557551.71,22375.5697,2035985.964,4087232.343,979939.0,2016,5,2,21,27,May,0.0831930592135155,0.15496818605829077
India,"Calendar Year (Jan - Dec), 2016","June, 2016",2016-06-10,11905500.917,23143686.34,1677278.811,965734.1671,9249130.4859,17510888.64,13357.4529,3634666.1103,7250237.568,694653.0,2940013.1103,6005323.618,7785005.9889,14870756.57,7690.0,7777315.9889,14866712.37,2566203.299,22375.5697,2102543.9949,4087232.343,976120.0,2016,6,2,23,10,June,0.12950934348305854,0.3382762102589254
India,"Calendar Year (Jan - Dec), 2016","June, 2016",2016-06-24,11924041.4104,23143686.34,1661892.0728,990150.3836,9258744.501,17510888.64,13254.4529,3601603.0946,7250237.568,660458.0,2941145.0946,6005323.618,7791447.1987,14870756.57,7526.0,7783921.1987,14866712.37,2589464.991,22604.5034,2080869.6493,4087232.343,1000712.0,2016,6,2,25,24,June,0.15573047727479583,0.906463334727392
India,"Calendar Year (Jan - Dec), 2016","July, 2016",2016-07-08,12017981.9644,23143686.34,1678558.5468,962530.1458,9363428.8188,17510888.64,13464.4529,3683953.7546,7250237.568,706180.0,2977773.7546,6005323.618,7827363.4,14870756.57,6330.0,7821033.4,14866712.37,2580605.227,22604.5034,2096339.9566,4087232.343,978028.0,2016,7,3,27,8,July,0.7878247883143619,-0.34214650635530086
India,"Calendar Year (Jan - Dec), 2016","July, 2016",2016-07-22,12006480.7487,23143686.34,1662164.7956,973024.1194,9357699.3808,17510888.64,13592.4529,3683760.7242,7250237.568,699623.0,2984137.7242,6005323.618,7810319.7236,14870756.57,7586.0,7802733.7236,14866712.37,2575489.185,22792.0,2085678.962,4087232.343,972019.0,2016,7,3,29,22,July,-0.09570005791379455,-0.19824969532233894
India,"Calendar Year (Jan - Dec), 2016","August, 2016",2016-08-05,12095687.8182,23143686.34,1664601.5155,999164.9476,9417968.9022,17510888.64,13952.4529,3795712.3042,7250237.568,756904.0,3038808.3042,6005323.618,7832723.177,14870756.57,6866.0,7825857.177,14866712.37,2584474.312,22792.0,2139810.9259,4087232.343,985021.0,2016,8,3,31,5,August,0.7429909843453375,0.3488706942483155
India,"Calendar Year (Jan - Dec), 2016","August, 2016",2016-08-19,12075664.3781,23143686.34,1673878.5274,995411.2432,9392376.1546,17510888.64,13998.4529,3697383.4845,7250237.568,693134.0,3004249.4845,6005323.618,7811326.1227,14870756.57,7092.0,7804234.1227,14866712.37,2597562.633,22971.0,2053373.492,4087232.343,932279.0,2016,8,3,33,19,August,-0.16554197165927764,0.506421013326741
India,"Calendar Year (Jan - Dec), 2016","September, 2016",2016-09-02,12192007.3556,23143686.34,1660786.6165,1029182.2425,9487517.0437,17510888.64,14521.4529,3798094.2745,7250237.568,738544.0,3059550.2745,6005323.618,7860113.2715,14870756.57,6877.0,7853236.2715,14866712.37,2598683.395,22971.0,2087651.4533,4087232.343,929362.0,2016,9,3,35,2,September,0.963449909315095,0.04314667857328036
India,"Calendar Year (Jan - Dec), 2016","September, 2016",2016-09-16,12151977.9125,23143686.34,1688694.831,1037479.9577,9411402.0383,17510888.64,14401.0855,3628603.1445,7250237.568,608461.0,3020142.1445,6005323.618,7846207.2419,14870756.57,7713.0,7838494.2419,14866712.37,2612653.822,22971.0,1958253.3694,4087232.343,922718.0,2016,9,3,37,16,September,-0.3283252866609687,0.5375963469378409
India,"Calendar Year (Jan - Dec), 2016","September, 2016",2016-09-30,12489993.5089,23143686.34,1656477.8921,1153471.4195,9661443.0818,17510888.64,18601.1155,3751950.7107,7250237.568,699649.0,3052301.7107,6005323.618,8060795.6136,14870756.57,6686.0,8054109.6136,14866712.37,2658843.46,23273.0,2004667.2509,4087232.343,928894.0,2016,9,3,39,30,September,2.781568554797187,1.7679203272571886
India,"Calendar Year (Jan - Dec), 2016","October, 2016",2016-10-14,12342781.7773,23143686.34,1699441.9439,1026422.3623,9598847.3556,17510888.64,18070.1155,3722200.5207,7250237.568,654694.0,3067506.5207,6005323.618,7896983.1342,14870756.57,7428.0,7889555.1342,14866712.37,2627408.558,23273.0,1926884.3131,4087232.343,911065.0,2016,10,4,41,14,October,-1.178637374752045,-1.1822772747967503
India,"Calendar Year (Jan - Dec), 2016","October, 2016",2016-10-28,12364908.5288,23143686.34,1702209.7331,1040535.3441,9606201.336,17510888.64,15962.1155,3726354.4126,7250237.568,647265.0,3079089.4126,6005323.618,7945730.6774,14870756.57,7367.0,7938363.6774,14866712.37,2636636.079,23512.7134,1967127.7102,4087232.343,908822.0,2016,10,4,43,28,October,0.17926875723179858,0.3512023652318286
India,"Calendar Year (Jan - Dec), 2016","November, 2016",2016-11-11,12337478.4747,23143686.34,1520564.9084,1070444.4165,9726178.0342,17510888.64,20291.1155,3726993.5486,7250237.568,646781.0,3080212.5486,6005323.618,7876717.2797,14870756.57,7978.0,7868739.2797,14866712.37,2643815.069,23512.7134,1933361.5026,4087232.343,919545.0,2016,11,4,45,11,November,-0.22183790552198213,0.27227837990910775
India,"Calendar Year (Jan - Dec), 2016","November, 2016",2016-11-25,12131387.5851,23143686.34,896255.5082,1191784.4193,10028267.542,17510888.64,15080.1155,4037634.8502,7250237.568,609263.0,3428371.8502,6005323.618,7807673.533,14870756.57,5167.0,7802506.533,14866712.37,2683774.281,24180.7268,2421674.9604,4087232.343,964501.0,2016,11,4,47,25,November,-1.6704457885995283,1.51142235584254
India,"Calendar Year (Jan - Dec), 2016","December, 2016",2016-12-09,12085609.773,23143686.34,783256.6187,1191982.2566,10094953.7822,17510888.64,15417.1155,3950368.8478,7250237.568,474391.0,3475977.8478,6005323.618,7859624.9603,14870756.57,6424.0,7853200.9603,14866712.37,2640476.532,24180.7268,2388845.1973,4087232.343,949587.0,2016,12,4,49,9,December,-0.3773501734972706,-1.6133155946284283
India,"Calendar Year (Jan - Dec), 2016","December, 2016",2016-12-23,12005779.4987,23143686.34,785858.7992,1193453.8013,10011206.7827,17510888.64,15260.1155,3811185.4453,7250237.568,3662.0,3807523.4453,6005323.618,7865393.8286,14870756.57,5437.0,7859956.8286,14866712.37,2538714.256,24615.0857,2233933.8563,4087232.343,947146.0,2016,12,4,51,23,December,-0.6605398966160969,-3.8539360136983003
India,"Calendar Year (Jan - Dec), 2017","January, 2017",2017-01-06,12104266.1319,23143686.34,825859.057,1184294.7279,10078566.2315,17510888.64,15546.1155,3856158.2537,7250237.568,19159.0,3836999.2537,6005323.618,7932935.0317,14870756.57,4937.0,7927998.0317,14866712.37,2536081.879,24615.0857,2245328.2347,4087232.343,930153.0,2017,1,1,1,6,January,0.8203268535013741,-0.10368937716320747
India,"Calendar Year (Jan - Dec), 2017","January, 2017",2017-01-20,12106737.4872,23143686.34,913480.3462,1167924.9159,10009804.1095,17510888.64,15528.1155,3919402.7177,7250237.568,139083.0,3780319.7177,6005323.618,7938360.1331,14870756.57,4937.0,7933423.1331,14866712.37,2551683.481,24808.9623,2327318.3214,4087232.343,948465.0,2017,1,1,3,20,January,0.02041722540688795,0.6151852638981659
India,"Calendar Year (Jan - Dec), 2017","February, 2017",2017-02-03,12248539.2728,23143686.34,981555.2576,1176533.5634,10074856.3363,17510888.64,15594.1155,4058128.8874,7250237.568,382869.0,3675259.8874,6005323.618,8005257.8768,14870756.57,4937.0,8000320.8768,14866712.37,2543344.204,24808.9623,2382803.4493,4087232.343,937844.0,2017,2,1,5,3,February,1.1712634039510839,-0.32681471123260364
India,"Calendar Year (Jan - Dec), 2017","February, 2017",2017-02-17,12262335.2775,23143686.34,1064487.5853,1170900.2382,10011315.3385,17510888.64,15632.1155,4029676.9697,7250237.568,492171.0,3537505.9697,6005323.618,8019925.636,14870756.57,4767.0,8015158.636,14866712.37,2529105.795,24945.5039,2341123.8276,4087232.343,919494.0,2017,2,1,7,17,February,0.1126338773361768,-0.5598302022041257
India,"Calendar Year (Jan - Dec), 2017","March, 2017",2017-03-03,12383675.5136,23143686.34,1132266.9649,1185951.889,10047266.5442,17510888.64,18190.1155,4161297.9839,7250237.568,634097.0,3527200.9839,6005323.618,8050289.2132,14870756.57,3788.0,8046501.2132,14866712.37,2528288.008,24945.5039,2380953.1829,4087232.343,895355.0,2017,3,1,9,3,March,0.9895361148919646,-0.032335025352314695
India,"Calendar Year (Jan - Dec), 2017","March, 2017",2017-03-17,12459613.7679,23143686.34,1214077.2929,1264715.8426,9964826.5168,17510888.64,15994.1155,3999067.3742,7250237.568,595974.0,3403093.3742,6005323.618,8102896.6444,14870756.57,4679.0,8098217.6444,14866712.37,2499604.524,24945.5039,2166711.7502,4087232.343,857290.0,2017,3,1,11,17,March,0.613212565337351,-1.1345022366613056
India,"Calendar Year (Jan - Dec), 2017","March, 2017",2017-03-31,12791939.9288,23143686.34,1264124.2908,1396741.4246,10109983.0979,17510888.64,21091.1155,3856606.5519,7250237.568,620811.0,3235795.5519,6005323.618,8411491.5267,14870756.57,7291.0,8404200.5267,14866712.37,2558417.335,25085.4773,2059475.5526,4087232.343,833530.0,2017,3,1,13,31,March,2.6672268265343746,2.3528846437629314
India,"Calendar Year (Jan - Dec), 2017","April, 2017",2017-04-14,12629926.6831,23143686.34,1329431.3658,1200998.367,10078220.8348,17510888.64,21276.1155,4076201.799,7250237.568,709723.0,3366478.799,6005323.618,8167225.3902,14870756.57,5425.0,8161800.3902,14866712.37,2539809.379,25085.4773,2178211.9089,4087232.343,812277.0,2017,4,2,15,14,April,-1.2665260046698656,-0.7273229330272524
India,"Calendar Year (Jan - Dec), 2017","April, 2017",2017-04-28,12683876.6977,23143686.34,1362192.773,1231069.1229,10072951.1863,17510888.64,17663.6155,4107602.7288,7250237.568,719632.0,3387970.7288,6005323.618,8148156.5771,14870756.57,5372.0,8142784.5771,14866712.37,2554481.053,25161.8199,2151339.8536,4087232.343,823073.0,2017,4,2,17,28,April,0.42716015661588,0.5776683132722393
India,"Calendar Year (Jan - Dec), 2017","May, 2017",2017-05-12,12749472.4502,23143686.34,1406062.3216,1213859.1009,10111798.3466,17510888.64,17752.6812,4108964.6431,7250237.568,665180.0,3443784.6431,6005323.618,8158775.6687,14870756.57,5648.0,8153127.6687,14866712.37,2573079.35,25161.8199,2116324.1728,4087232.343,823867.0,2017,5,2,19,12,May,0.5171585475274743,0.7280655684706705
India,"Calendar Year (Jan - Dec), 2017","May, 2017",2017-05-26,12671722.4584,23143686.34,1413311.5512,1190909.8742,10049726.3518,17510888.64,17774.6812,4104940.0006,7250237.568,686700.0,3418240.0006,6005323.618,8135655.1656,14870756.57,6641.0,8129014.1656,14866712.37,2605659.463,25243.2807,2199585.4797,4087232.343,846213.0,2017,5,2,21,26,May,-0.6098290898207459,1.266191538166117
India,"Calendar Year (Jan - Dec), 2017","June, 2017",2017-06-09,12731616.6352,23143686.34,1446728.6744,1177932.5894,10088995.5902,17510888.64,17959.7812,4126230.4381,7250237.568,683593.0,3442637.4381,6005323.618,8200033.1589,14870756.57,6995.0,8193038.1589,14866712.37,2609740.746,25243.2807,2229442.8336,4087232.343,839975.0,2017,6,2,23,9,June,0.4726601059692248,0.1566314807423419
India,"Calendar Year (Jan - Dec), 2017","June, 2017",2017-06-23,12758459.6123,23143686.34,1452652.8168,1228176.0467,10057454.9675,17510888.64,20175.7812,4093629.6013,7250237.568,667269.0,3426360.6013,6005323.618,8204945.1809,14870756.57,6925.0,8198020.1809,14866712.37,2581047.984,25314.0009,2146288.292,4087232.343,853133.0,2017,6,2,25,23,June,0.210837145581233,-1.0994487496115313
India,"Calendar Year (Jan - Dec), 2017","July, 2017",2017-07-07,12830409.6535,23143686.34,1466610.1977,1199877.6137,10145792.0609,17510888.64,18129.7812,4185181.4344,7250237.568,717885.0,3467296.4344,6005323.618,8247002.3053,14870756.57,6248.0,8240754.3053,14866712.37,2612702.852,25314.0009,2239599.2083,4087232.343,877113.0,2017,7,3,27,7,July,0.5639398750820757,1.2264346961478267
India,"Calendar Year (Jan - Dec), 2017","July, 2017",2017-07-21,12808103.8926,23143686.34,1469493.5642,1201382.7644,10119265.7828,17510888.64,17961.7812,4114536.8064,7250237.568,646265.0,3468271.8064,6005323.618,8228337.9253,14870756.57,6873.0,8221464.9253,14866712.37,2629310.703,25314.0009,2189202.9611,4087232.343,881238.0,2017,7,3,29,21,July,-0.17385073043179045,0.635657858576888
India,"Calendar Year (Jan - Dec), 2017","August, 2017",2017-08-04,12943860.6551,23143686.34,1476057.3783,1230171.6172,10218419.8571,17510888.64,19211.8024,4192929.3608,7250237.568,700073.0,3492856.3608,6005323.618,8269968.9126,14870756.57,7423.0,8262545.9126,14866712.37,2620026.447,25377.6004,2164249.3611,4087232.343,860771.0,2017,8,3,31,4,August,1.0599286485990733,-0.35310608173491076
India,"Calendar Year (Jan - Dec), 2017","August, 2017",2017-08-18,12882658.3473,23143686.34,1489645.6831,1217565.8472,10154963.0146,17510888.64,20483.8024,4157038.5502,7250237.568,644829.0,3512209.5502,6005323.618,8249835.3138,14870756.57,7533.0,8242302.3138,14866712.37,2634459.256,25377.6004,2183859.2595,4087232.343,842547.0,2017,8,3,33,18,August,-0.4728288524636137,0.5508650119362635
India,"Calendar Year (Jan - Dec), 2017","September, 2017",2017-09-01,12940181.0795,23143686.34,1480885.8314,1223236.582,10217123.8637,17510888.64,18934.8024,4185560.0536,7250237.568,642086.0,3543474.0536,6005323.618,8313263.1026,14870756.57,7388.0,8305875.1026,14866712.37,2659843.429,25420.3308,2243711.5499,4087232.343,851256.0,2017,9,3,35,1,September,0.44651290633703766,0.9635439584873895
India,"Calendar Year (Jan - Dec), 2017","September, 2017",2017-09-15,12923732.5261,23143686.34,1504803.8936,1228942.2336,10171416.5966,17510888.64,18569.8024,4089850.6262,7250237.568,559447.0,3530403.6262,6005323.618,8322061.4492,14870756.57,7565.0,8314496.4492,14866712.37,2691523.23,25420.3308,2204927.0225,4087232.343,871665.0,2017,9,3,37,15,September,-0.12711223512983372,1.1910400685468225
India,"Calendar Year (Jan - Dec), 2017","September, 2017",2017-09-29,13184329.9472,23143686.34,1497032.327,1350314.5144,10311296.3034,17510888.64,25686.8024,4077303.631,7250237.568,542893.0,3534410.631,6005323.618,8551982.1759,14870756.57,7436.0,8544546.1759,14866712.37,2735663.994,25481.0772,2205901.1293,4087232.343,905736.0,2017,9,3,39,29,September,2.0164253676228094,1.6399919386911543
India,"Calendar Year (Jan - Dec), 2017","October, 2017",2017-10-13,13127718.1999,23143686.34,1533161.4237,1248028.0705,10324037.9034,17510888.64,22490.8024,4100972.3091,7250237.568,542556.0,3558416.3091,6005323.618,8433057.8502,14870756.57,7268.0,8425789.8502,14866712.37,2726592.338,25481.0772,2158187.229,4087232.343,894050.0,2017,10,4,41,13,October,-0.42938660915432525,-0.33160709867500193
India,"Calendar Year (Jan - Dec), 2017","October, 2017",2017-10-27,13115316.3201,23143686.34,1548558.6683,1253869.0074,10290405.7421,17510888.64,22482.9024,4029315.3277,7250237.568,492281.0,3537034.3277,6005323.618,8455651.6193,14870756.57,8184.0,8447467.6193,14866712.37,2722869.465,25537.1385,2117861.0578,4087232.343,888521.0,2017,10,4,43,27,October,-0.09447094773936682,-0.13653940664745123
India,"Calendar Year (Jan - Dec), 2017","November, 2017",2017-11-10,13183233.7267,23143686.34,1572523.7311,1227571.4904,10360488.6028,17510888.64,22649.9024,4085616.8052,7250237.568,499676.0,3585940.8052,6005323.618,8501784.3839,14870756.57,7794.0,8493990.3839,14866712.37,2722156.424,25537.1385,2151664.8933,4087232.343,883561.0,2017,11,4,45,10,November,0.5178480254869111,-0.026187116538833877
India,"Calendar Year (Jan - Dec), 2017","November, 2017",2017-11-24,13147309.3128,23143686.34,1581552.4009,1226597.8383,10316235.7712,17510888.64,22923.3024,4003973.8089,7250237.568,447414.0,3556559.8089,6005323.618,8512467.3313,14870756.57,8059.0,8504408.3313,14866712.37,2720854.149,25567.2074,2115356.7272,4087232.343,885534.0,2017,11,4,47,24,November,-0.2725007736701479,-0.047839829795170985
India,"Calendar Year (Jan - Dec), 2017","December, 2017",2017-12-08,13214984.4741,23143686.34,1606594.0756,1211343.0305,10373814.2967,17510888.64,23233.0714,4093330.38,7250237.568,528704.0,3564626.38,6005323.618,8569832.6026,14870756.57,7700.0,8562132.6026,14866712.37,2711057.54,25567.2074,2184608.1772,4087232.343,863427.0,2017,12,4,49,8,December,0.5147453345005992,-0.3600563816917868
India,"Calendar Year (Jan - Dec), 2017","December, 2017",2017-12-22,13208681.4465,23143686.34,1616422.8604,1247010.1113,10322356.527,17510888.64,22891.948,3928591.9357,7250237.568,386839.0,3541752.9357,6005323.618,8641927.8289,14870756.57,8694.0,8633233.8289,14866712.37,2728589.32,25597.7908,2115831.2068,4087232.343,855986.0,2017,12,4,51,22,December,-0.047696065117242004,0.6466767946208929
India,"Calendar Year (Jan - Dec), 2018","January, 2018",2018-01-05,13354527.1898,23143686.34,1633300.6609,1230105.8912,10467617.6897,17510888.64,23502.948,4100602.406,7250237.568,504874.0,3595728.406,6005323.618,8736164.0316,14870756.57,8088.0,8728076.0316,14866712.37,2741568.629,25597.7908,2249212.1366,4087232.343,833459.0,2018,1,1,1,5,January,1.1041658010356947,0.4756783626200134
India,"Calendar Year (Jan - Dec), 2018","January, 2018",2018-01-19,13363233.6337,23143686.34,1660741.5376,1224957.206,10451548.9422,17510888.64,25985.948,4029379.4685,7250237.568,460158.0,3569221.4685,6005323.618,8717918.8239,14870756.57,6952.0,8710966.8239,14866712.37,2777801.476,25621.1516,2187288.9083,4087232.343,861019.0,2018,1,1,3,19,January,0.06519469971688618,1.3216100671977538
India,"Calendar Year (Jan - Dec), 2018","February, 2018",2018-02-02,13496388.6953,23143686.34,1668506.1967,1252681.4309,10554142.2198,17510888.64,21058.848,4058178.9756,7250237.568,440740.0,3617438.9756,6005323.618,8809654.393,14870756.57,7347.0,8802307.393,14866712.37,2836297.216,25621.1516,2233159.8228,4087232.343,881181.0,2018,2,1,5,2,February,0.9964284487566255,2.105828674417487
India,"Calendar Year (Jan - Dec), 2018","February, 2018",2018-02-16,13478992.1609,23143686.34,1707193.6345,1240922.4955,10510781.183,17510888.64,20094.848,4025699.7793,7250237.568,416710.0,3608989.7793,6005323.618,8797344.9732,14870756.57,7938.0,8789406.9732,14866712.37,2828328.842,25638.4992,2197817.0888,4087232.343,872068.0,2018,2,1,7,16,February,-0.1288976984343826,-0.2809428417814952
India,"Calendar Year (Jan - Dec), 2018","March, 2018",2018-03-02,13627756.5802,23143686.34,1720327.4335,1274046.6067,10612551.6921,17510888.64,20830.848,4062213.8552,7250237.568,446030.0,3616183.8552,6005323.618,8898366.151,14870756.57,8785.0,8889581.151,14866712.37,2877654.682,25638.4992,2235910.9232,4087232.343,906895.0,2018,3,1,9,2,March,1.103676131896103,1.7439923981795502
India,"Calendar Year (Jan - Dec), 2018","March, 2018",2018-03-16,13635043.954,23143686.34,1753272.6457,1287733.902,10573059.7584,17510888.64,20977.648,3990697.03,7250237.568,449303.0,3541394.03,6005323.618,8928982.8566,14870756.57,9188.0,8919794.8566,14866712.37,2867307.767,25638.4992,2177376.2297,4087232.343,895605.0,2018,3,1,11,16,March,0.053474493451011185,-0.35956068894301696
India,"Calendar Year (Jan - Dec), 2018","March, 2018",2018-03-30,13966007.5001,23143686.34,1760436.3161,1483712.341,10695255.1952,17510888.64,26603.648,3990982.2672,7250237.568,465547.0,3525435.2672,6005323.618,9213715.5008,14870756.57,14025.0,9199690.5008,14866712.37,2921398.981,25651.6127,2185533.0586,4087232.343,898406.0,2018,3,1,13,30,March,2.4273009109215815,1.8864809220181744
India,"Calendar Year (Jan - Dec), 2018","March, 2018",2018-03-31,13962586.500147,23143686.34,1759712.31605236,1483712.340978,10695255.195162,17510888.64,23906.647954668,4001399.2672,7250237.568,475964.0,3525435.2672,6005323.618,9213715.5008,14870756.57,14025.0,9199690.5008,14866712.37,2922502.981,25651.6127,2200475.0586,4087232.343,907198.0,2018,3,1,13,31,March,-0.024495189143891594,0.037790113818081394
India,"Calendar Year (Jan - Dec), 2018","April, 2018",2018-04-13,13914187.2543,23143686.34,1809378.5275,1295396.6298,10786666.449,17510888.64,22745.648,4207523.8929,7250237.568,618233.0,3589290.8929,6005323.618,9031318.7797,14870756.57,8802.0,9022516.7797,14866712.37,2939683.161,25652.81,2289783.4062,4087232.343,924557.0,2018,4,2,15,13,April,-0.3466352444548182,0.5878584251818753
India,"Calendar Year (Jan - Dec), 2018","April, 2018",2018-04-27,13981646.8157,23143686.34,1824875.8476,1330927.4973,10803832.8228,17510888.64,22010.648,4166762.415,7250237.568,600134.0,3566628.415,6005323.618,9103293.803,14870756.57,9247.0,9094046.803,14866712.37,2964358.947,25677.03241,2278233.613,4087232.343,963129.0,2018,4,2,17,27,April,0.484825740570316,0.8394029100607714
India,"Calendar Year (Jan - Dec), 2018","May, 2018",2018-05-11,13974411.2932,23143686.34,1858177.5479,1272431.6252,10821940.4721,17510888.64,21861.648,4201052.6739,7250237.568,604981.0,3596071.6739,6005323.618,9107896.3361,14870756.57,9504.0,9098392.3361,14866712.37,2968385.483,25689.3595,2328400.2543,4087232.343,968180.0,2018,5,2,19,11,May,-0.05175014499634312,0.1358315936764276
India,"Calendar Year (Jan - Dec), 2018","May, 2018",2018-05-25,13984477.9864,23143686.34,1853793.4469,1283165.093,10820654.7985,17510888.64,26864.648,4203768.475,7250237.568,623400.0,3580368.475,6005323.618,9124880.683,14870756.57,9448.0,9115432.683,14866712.37,2976166.534,25700.54584,2345823.895,4087232.343,998988.0,2018,5,2,21,25,May,0.07203661742014589,0.26213074563805616
India,"Calendar Year (Jan - Dec), 2018","June, 2018",2018-06-08,14056195.3729,23143686.34,1873186.5176,1275813.8419,10883944.3655,17510888.64,23250.648,4338289.1004,7250237.568,689955.0,3648334.1004,6005323.618,9185161.731,14870756.57,8938.0,9176223.731,14866712.37,2950862.344,25705.3394,2443611.9759,4087232.343,979175.0,2018,6,2,23,8,June,0.5128356351216334,-0.850227623720734
India,"Calendar Year (Jan - Dec), 2018","June, 2018",2018-06-22,14003226.6601,23143686.34,1876761.391,1289848.2379,10814101.3171,17510888.64,22515.7143,4221002.114,7250237.568,618839.0,3602163.114,6005323.618,9202684.466,14870756.57,9539.0,9193145.466,14866712.37,2883641.63,25713.76503,2329604.729,4087232.343,978787.0,2018,6,2,25,22,June,-0.3768353483626363,-2.278002365534948
India,"Calendar Year (Jan - Dec), 2018","July, 2018",2018-07-06,14128810.2181,23143686.34,1862494.7926,1297812.2107,10944093.5006,17510888.64,24409.7143,4401559.245,7250237.568,726834.0,3674725.245,6005323.618,9247082.6644,14870756.57,9359.0,9237723.6644,14866712.37,2914771.266,25702.647,2460090.3824,4087232.343,1035119.0,2018,7,3,27,6,July,0.8968187193443944,1.079525128092973
India,"Calendar Year (Jan - Dec), 2018","July, 2018",2018-07-20,14072865.6365,23143686.34,1858933.5638,1275905.9285,10915024.7299,17510888.64,23001.4143,4331366.473,7250237.568,662484.0,3668882.473,6005323.618,9200628.821,14870756.57,9556.0,9191072.821,14866712.37,2909097.773,25701.35387,2393715.756,4087232.343,1032401.0,2018,7,3,29,20,July,-0.39596102386831866,-0.19464625118887913
India,"Calendar Year (Jan - Dec), 2018","August, 2018",2018-08-03,14201116.8929,23143686.34,1846886.1286,1320447.4306,11010418.9194,17510888.64,23364.4143,4433751.564,7250237.568,729975.0,3703776.564,6005323.618,9261623.062,14870756.57,9611.0,9252012.062,14866712.37,2890429.68,25696.2997,2410171.7771,4087232.343,1022111.0,2018,8,3,31,3,August,0.9113371768956657,-0.6417141827704365
India,"Calendar Year (Jan - Dec), 2018","August, 2018",2018-08-17,14155066.8348,23143686.34,1866386.6461,1293994.9109,10971653.8636,17510888.64,23031.4143,4383195.3282,7250237.568,668686.0,3714509.3282,6005323.618,9260760.5667,14870756.57,9482.0,9251278.5667,14866712.37,2931978.831,25696.7247,2446348.5291,4087232.343,1026341.0,2018,8,3,33,17,August,-0.3242706784775673,1.4374731648894468
India,"Calendar Year (Jan - Dec), 2018","August, 2018",2018-08-31,14271407.9311,23143686.34,1846843.8637,1342043.5026,11057850.1505,17510888.64,24670.4143,4394705.798,7250237.568,683456.0,3711249.798,6005323.618,9368993.553,14870756.57,9537.0,9359456.553,14866712.37,2957642.586,25696.72474,2475407.888,4087232.343,1060901.0,2018,8,3,35,31,August,0.821904252786565,0.8753049213267028
India,"Calendar Year (Jan - Dec), 2018","September, 2018",2018-09-14,14215170.8752,23143686.34,1870161.3088,1295931.7099,11020660.4422,17510888.64,28417.4143,4362507.7028,7250237.568,665337.0,3697170.7028,6005323.618,9386710.6941,14870756.57,9119.0,9377591.6941,14866712.37,2994053.974,25696.7247,2553570.9906,4087232.343,1097829.0,2018,9,3,37,14,September,-0.39405401465295586,1.2310949325774923
India,"Calendar Year (Jan - Dec), 2018","September, 2018",2018-09-28,14422907.9194,23143686.34,1842935.6802,1423190.0541,11131201.7708,17510888.64,25580.4143,4302000.202,7250237.568,646994.0,3655006.202,6005323.618,9571897.404,14870756.57,9128.0,9562769.404,14866712.37,3031242.301,25696.72474,2507699.875,4087232.343,1127324.0,2018,9,3,39,28,September,1.4613756389127985,1.242072698853769
India,"Calendar Year (Jan - Dec), 2018","October, 2018",2018-10-12,14441474.9299,23143686.34,1876162.8116,1321145.5368,11219936.1672,17510888.64,24230.4143,4409680.9622,7250237.568,707464.0,3702216.9622,6005323.618,9582755.7827,14870756.57,8905.0,9573850.7827,14866712.37,3036644.501,25696.7247,2613068.004,4087232.343,1175851.0,2018,10,4,41,12,October,0.12873278123772813,0.1782173598665393
India,"Calendar Year (Jan - Dec), 2018","October, 2018",2018-10-26,14426379.7711,23143686.34,1875135.1193,1350915.9887,11175750.2489,17510888.64,24578.4143,4293037.35,7250237.568,651066.0,3641971.35,6005323.618,9623708.966,14870756.57,9230.0,9614478.966,14866712.37,3003695.304,25696.72474,2519528.734,4087232.343,1149486.0,2018,10,4,43,26,October,-0.10452643426847041,-1.0850528268669501
India,"Calendar Year (Jan - Dec), 2018","November, 2018",2018-11-09,14544754.8957,23143686.34,1938825.9363,1329998.423,11251196.4652,17510888.64,24734.0713,4379607.661,7250237.568,731189.0,3648418.661,6005323.618,9702914.443,14870756.57,9319.0,9693595.443,14866712.37,2989653.279,25696.7247,2552890.0544,4087232.343,1146723.0,2018,11,4,45,9,November,0.8205462942070696,-0.46749165873449794
India,"Calendar Year (Jan - Dec), 2018","November, 2018",2018-11-23,14518774.783,23143686.34,1924446.0336,1338265.125,11230300.5531,17510888.64,25763.0713,4344589.442,7250237.568,712721.0,3631868.442,6005323.618,9724300.044,14870756.57,9318.0,9714982.044,14866712.37,2929932.554,25696.72474,2505522.55,4087232.343,1090189.0,2018,11,4,47,23,November,-0.17862186668873292,-1.99758030202003
India,"Calendar Year (Jan - Dec), 2018","December, 2018",2018-12-07,14598653.5512,23143686.34,1931778.1439,1313546.5656,11327950.7704,17510888.64,25378.0713,4438214.4944,7250237.568,781216.0,3656998.4944,6005323.618,9800949.2919,14870756.57,8834.0,9792115.2919,14866712.37,2904957.652,25786.0647,2571036.4211,4087232.343,1075314.0,2018,12,4,49,7,December,0.5501756821349124,-0.8524053554032851
India,"Calendar Year (Jan - Dec), 2018","December, 2018",2018-12-21,14549694.7685,23143686.34,1950995.1207,1302600.0609,11271026.9156,17510888.64,25072.6713,4234657.813,7250237.568,683006.0,3551651.813,6005323.618,9877042.743,14870756.57,9281.0,9867761.743,14866712.37,2879887.942,25786.06472,2467464.254,4087232.343,1050560.0,2018,12,4,51,21,December,-0.33536505629299107,-0.8629974341533009
India,"Calendar Year (Jan - Dec), 2019","January, 2019",2019-01-04,14771348.3628,23143686.34,1951689.2197,1347149.1804,11446724.2915,17510888.64,25785.6713,4466825.9907,7250237.568,877734.0,3589091.9907,6005323.618,9933585.6597,14870756.57,7810.0,9925775.6597,14866712.37,2893292.935,25798.2721,2547938.961,4087232.343,1071632.0,2019,1,1,1,4,January,1.5234243592510133,0.46546925678958573
India,"Calendar Year (Jan - Dec), 2019","January, 2019",2019-01-18,14758783.1804,23143686.34,1986734.7588,1329986.2378,11416212.5441,17510888.64,25849.6397,4432877.556,7250237.568,864060.0,3568817.556,6005323.618,9928857.053,14870756.57,8278.0,9920579.053,14866712.37,2945217.298,25798.27215,2573745.07,4087232.343,1127815.0,2019,1,1,3,18,January,-0.08506455938472879,1.7946458988605585
India,"Calendar Year (Jan - Dec), 2019","February, 2019",2019-02-01,14894534.3573,23143686.34,1984113.6921,1357309.8826,11526574.1429,17510888.64,26536.6397,4462379.0325,7250237.568,898829.0,3563550.0325,6005323.618,10028256.8599,14870756.57,8278.0,10019978.8599,14866712.37,2975544.377,25823.3116,2597246.2164,4087232.343,1149750.0,2019,2,1,5,1,February,0.9197992493058749,1.0297059921722695
India,"Calendar Year (Jan - Dec), 2019","February, 2019",2019-02-15,14939818.3138,23143686.34,2029450.6697,1401265.0971,11482900.6291,17510888.64,26201.9179,4433410.147,7250237.568,873047.0,3560363.147,6005323.618,10038751.76,14870756.57,8068.0,10030683.76,14866712.37,2964507.526,25823.31161,2522453.551,4087232.343,1146899.0,2019,2,1,7,15,February,0.3040306961848982,-0.37091871609481464
India,"Calendar Year (Jan - Dec), 2019","March, 2019",2019-03-01,15054022.5722,23143686.34,2027912.5675,1415813.5254,11582688.5614,17510888.64,27607.9179,4530027.2645,7250237.568,914062.0,3615965.2645,6005323.618,10119905.1112,14870756.57,7869.0,10112036.1112,14866712.37,2975234.087,25841.4281,2596763.8794,4087232.343,1147079.0,2019,3,1,9,1,March,0.7644286965291291,0.3618328139133764
India,"Calendar Year (Jan - Dec), 2019","March, 2019",2019-03-15,15087087.7944,23143686.34,2063788.2813,1404863.4026,11590673.1927,17510888.64,27762.9179,4522017.39,7250237.568,921326.0,3600691.39,6005323.618,10156844.6904,14870756.57,8808.0,10148036.6904,14866712.37,2936737.576,25841.4281,2554140.362,4087232.343,1082108.0,2019,3,1,11,15,March,0.2196437665840767,-1.2938985597202857
India,"Calendar Year (Jan - Dec), 2019","March, 2019",2019-03-29,15443593.9486,23143686.34,2055044.3698,1626512.3643,11721603.2965,17510888.64,40433.9179,4432280.8585,7250237.568,845742.0,3586538.8585,6005323.618,10382733.1766,14870756.57,15377.0,10367356.1766,14866712.37,3069101.353,25841.4281,2466151.0626,4087232.343,1050815.0,2019,3,1,13,29,March,2.3629885307111964,4.507170748987632
India,"Calendar Year (Jan - Dec), 2019","March, 2019",2019-03-31,15432066.8561,23143686.34,2052209.2774,1626512.3643,11721603.2965,17510888.64,31741.9179,4388489.8585,7250237.568,801951.0,3586538.8585,6005323.618,10382719.1766,14870756.57,15363.0,10367356.1766,14866712.37,3071052.353,25887.3357,2435870.0626,4087232.343,1059007.0,2019,3,1,13,31,March,-0.07463996099847936,0.06356909647486919
India,"Calendar Year (Jan - Dec), 2019","April, 2019",2019-04-12,15420575.7744,23143686.34,2085604.2569,1483687.0638,11823444.236,17510888.64,27840.2177,4530109.6434,7250237.568,882944.0,3647165.6434,6005323.618,10250506.5956,14870756.57,9065.0,10241441.5956,14866712.37,3086994.809,25887.3357,2472709.6481,4087232.343,1072129.0,2019,4,2,15,12,April,-0.07446236338367607,0.5191202938766626
India,"Calendar Year (Jan - Dec), 2019","April, 2019",2019-04-26,15378604.2371,23143686.34,2092066.9913,1466439.3489,11792437.6792,17510888.64,27660.2177,4502970.1478,7250237.568,842809.0,3660161.1478,6005323.618,10226812.1464,14870756.57,8681.0,10218131.1464,14866712.37,3143548.548,25910.3309,2520422.2356,4087232.343,1093586.0,2019,4,2,17,26,April,-0.2721787948390175,1.8319998088470957
India,"Calendar Year (Jan - Dec), 2019","May, 2019",2019-05-10,15439815.5731,23143686.34,2117760.6105,1425321.7771,11867989.9679,17510888.64,28743.2177,4602000.9694,7250237.568,886501.0,3715499.9694,6005323.618,10233587.4654,14870756.57,9175.0,10224412.4654,14866712.37,3147301.545,25910.3309,2568770.0402,4087232.343,1086601.0,2019,5,2,19,10,May,0.3980292037968791,0.11938727659821513
India,"Calendar Year (Jan - Dec), 2019","May, 2019",2019-05-24,15421077.3986,23143686.34,2117366.4909,1427752.0968,11847506.5933,17510888.64,28452.2177,4604406.7442,7250237.568,879209.0,3725197.7442,6005323.618,10229659.8646,14870756.57,9245.0,10220414.8646,14866712.37,3136761.723,25910.3309,2575449.3887,4087232.343,1071343.0,2019,5,2,21,24,May,-0.12136268345488421,-0.3348844033309706
India,"Calendar Year (Jan - Dec), 2019","June, 2019",2019-06-07,15478177.0703,23143686.34,2132215.1705,1408193.9378,11908120.7443,17510888.64,29647.2177,4702698.5763,7250237.568,1005996.0,3696702.5763,6005323.618,10261387.5555,14870756.57,8798.0,10252589.5555,14866712.37,3149141.149,25954.4877,2660793.3969,4087232.343,1098106.0,2019,6,2,23,7,June,0.37027031396121846,0.3946562440248158
India,"Calendar Year (Jan - Dec), 2019","June, 2019",2019-06-21,15416104.0007,23143686.34,2116676.7575,1403275.7205,11866468.305,17510888.64,29683.2177,4589114.1327,7250237.568,919696.0,3669418.1327,6005323.618,10258393.6753,14870756.57,8443.0,10249950.6753,14866712.37,3171307.625,25954.4877,2628452.2226,4087232.343,1116192.0,2019,6,2,25,21,June,-0.40103604783735536,0.703889567066196
India,"Calendar Year (Jan - Dec), 2019","July, 2019",2019-07-05,15602933.7769,23143686.34,2109929.8821,1428739.8537,12027630.8235,17510888.64,36633.2177,4809705.9334,7250237.568,1062946.0,3746759.9334,6005323.618,10307331.9844,14870756.57,7495.0,10299836.9844,14866712.37,3146004.822,25984.1345,2685883.203,4087232.343,1091975.0,2019,7,3,27,5,July,1.2119130500904518,-0.7978665582781486
India,"Calendar Year (Jan - Dec), 2019","July, 2019",2019-07-19,15567781.4179,23143686.34,2098704.5689,1439850.2308,11993217.7181,17510888.64,36009.0,4746771.5193,7250237.568,1054649.0,3692122.5193,6005323.618,10270656.0472,14870756.57,7951.0,10262705.0472,14866712.37,3161291.714,25984.1345,2636712.863,4087232.343,1108337.0,2019,7,3,29,19,July,-0.22529326537322758,0.48591444911649795
India,"Calendar Year (Jan - Dec), 2019","August, 2019",2019-08-02,15641418.317,23143686.34,2084498.9113,1438601.4934,12087849.1009,17510888.64,30468.8115,4878515.7954,7250237.568,1118383.0,3760132.7954,6005323.618,10338768.7862,14870756.57,7809.0,10330959.7862,14866712.37,3182271.921,26000.6654,2783929.4215,4087232.343,1145393.0,2019,8,3,31,2,August,0.47300830557224227,0.6636593170787686
India,"Calendar Year (Jan - Dec), 2019","August, 2019",2019-08-16,15599166.5569,23143686.34,2106295.9175,1430406.4415,12031944.3864,17510888.64,30519.8115,4850291.2941,7250237.568,1089465.0,3760826.2941,6005323.618,10296681.0196,14870756.57,7805.0,10288876.0196,14866712.37,3259293.077,26000.6654,2832881.9136,4087232.343,1237681.0,2019,8,3,33,16,August,-0.2701274222304928,2.420319756201006
India,"Calendar Year (Jan - Dec), 2019","August, 2019",2019-08-30,15677090.4005,23143686.34,2082633.8471,1480679.6768,12082795.0653,17510888.64,30981.8115,4720650.4117,7250237.568,934922.0,3785728.4117,6005323.618,10289158.6383,14870756.57,7597.0,10281561.6383,14866712.37,3262409.419,26000.6654,2620909.8363,4087232.343,1106325.0,2019,8,3,35,30,August,0.4995385062128932,0.09561404655480388
India,"Calendar Year (Jan - Dec), 2019","September, 2019",2019-09-13,15648405.5668,23143686.34,2108160.6363,1428384.9492,12081296.1698,17510888.64,30563.8115,4769361.651,7250237.568,961164.0,3808197.651,6005323.618,10325985.6765,14870756.57,7637.0,10318348.6765,14866712.37,3243433.863,26023.8882,2716183.1704,4087232.343,1085448.0,2019,9,3,37,13,September,-0.1829729431112037,-0.5816423864364872
India,"Calendar Year (Jan - Dec), 2019","September, 2019",2019-09-27,15814167.4579,23143686.34,2089197.9714,1525227.0153,12167761.6598,17510888.64,31980.8115,4837134.7313,7250237.568,936889.0,3900245.7313,6005323.618,10378946.1237,14870756.57,8103.0,10370843.1237,14866712.37,3266249.348,26023.8882,2693972.8168,4087232.343,1066152.0,2019,9,3,39,27,September,1.0592893339349763,0.7034361101137865
India,"Calendar Year (Jan - Dec), 2019","October, 2019",2019-10-11,15886564.8134,23143686.34,2130218.5727,1457172.3771,12266327.0521,17510888.64,32846.8115,4905540.0719,7250237.568,998186.0,3907354.0719,6005323.618,10403815.6123,14870756.57,7612.0,10396203.6123,14866712.37,3329217.661,26045.215,2777837.6173,4087232.343,1096054.0,2019,10,4,41,11,October,0.45780061260090044,1.9278477020916007
India,"Calendar Year (Jan - Dec), 2019","October, 2019",2019-10-25,15955361.9854,23143686.34,2161880.9349,1477505.0219,12284764.2171,17510888.64,31211.8115,4852157.4318,7250237.568,966959.0,3885198.4318,6005323.618,10457195.0864,14870756.57,7680.0,10449515.0864,14866712.37,3345173.643,26045.215,2724992.2792,4087232.343,1094707.0,2019,10,4,43,25,October,0.4330525372103766,0.47927121698638775
India,"Calendar Year (Jan - Dec), 2019","November, 2019",2019-11-08,15989603.8015,23143686.34,2176170.5955,1441821.1296,12339740.265,17510888.64,31871.8115,4969808.2495,7250237.568,1010459.0,3959349.2495,6005323.618,10463189.1564,14870756.57,7350.0,10455839.1564,14866712.37,3393856.345,26122.5553,2863154.6911,4087232.343,1105789.0,2019,11,4,45,8,November,0.21461008613488097,1.455311657793068
India,"Calendar Year (Jan - Dec), 2019","November, 2019",2019-11-22,15945748.533,23143686.34,2172487.772,1447960.3944,12292988.5551,17510888.64,32311.8115,4890841.3776,7250237.568,965438.0,3925403.3776,6005323.618,10468269.8746,14870756.57,7144.0,10461125.8746,14866712.37,3425442.464,26122.5553,2864706.8059,4087232.343,1137312.0,2019,11,4,47,22,November,-0.2742736408258395,0.9306852084807415
India,"Calendar Year (Jan - Dec), 2019","December, 2019",2019-12-06,16164771.8137,23143686.34,2184545.0047,1500658.9153,12447208.9823,17510888.64,32358.9115,5039652.2664,7250237.568,1064368.0,3975284.2664,6005323.618,10582274.0662,14870756.57,6894.0,10575380.0662,14866712.37,3440878.962,26178.0996,2923992.2499,4087232.343,1133136.0,2019,12,4,49,6,December,1.3735528328866264,0.4506424545801302
India,"Calendar Year (Jan - Dec), 2019","December, 2019",2019-12-20,16062978.0299,23143686.34,2180600.7521,1473956.1521,12374442.2143,17510888.64,33978.9115,4919682.8767,7250237.568,979921.0,3939761.8767,6005323.618,10599641.7344,14870756.57,6702.0,10592939.7344,14866712.37,3431557.168,26178.0996,2913863.4722,4087232.343,1123314.0,2019,12,4,51,20,December,-0.6297260794843274,-0.2709131621003502
India,"Calendar Year (Jan - Dec), 2020","January, 2020",2020-01-03,16266158.3954,23143686.34,2179233.5959,1489455.4323,12563806.8371,17510888.64,33662.53,5133388.7753,7250237.568,1135209.0,3998179.7753,6005323.618,10697448.0501,14870756.57,6273.0,10691175.0501,14866712.37,3507140.061,26238.3652,3097835.2053,4087232.343,1168607.0,2020,1,1,1,3,January,1.26489848346798,2.2025829470313507
India,"Calendar Year (Jan - Dec), 2020","January, 2020",2020-01-17,16217603.6545,23143686.34,2215515.6489,1453119.5348,12515774.9407,17510888.64,33193.53,4999887.359,7250237.568,1070018.0,3929869.359,6005323.618,10665548.534,14870756.57,6236.0,10659312.534,14866712.37,3480290.956,26238.3652,2954143.0138,4087232.343,1138140.0,2020,1,1,3,17,January,-0.2985015866667773,-0.7655555390720492
India,"Calendar Year (Jan - Dec), 2020","January, 2020",2020-01-31,16418624.5011,23143686.34,2218776.2015,1549183.0351,12616809.2928,17510888.64,33855.9717,5014594.3977,7250237.568,1057037.0,3957557.3977,6005323.618,10756623.9695,14870756.57,6380.0,10750243.9695,14866712.37,3559793.649,26279.6662,2938447.3839,4087232.343,1158606.0,2020,1,1,5,31,January,1.2395225021066603,2.2843691520370912
India,"Calendar Year (Jan - Dec), 2020","February, 2020",2020-02-14,16360363.8211,23143686.34,2257855.5123,1481213.6802,12587867.6569,17510888.64,33426.9717,5004051.1986,7250237.568,997547.0,4006504.1986,6005323.618,10695015.0441,14870756.57,4110.0,10690905.0441,14866712.37,3605087.885,26279.6662,2969852.9395,4087232.343,1152987.0,2020,2,1,7,14,February,-0.35484507241210217,1.2723837521515735
India,"Calendar Year (Jan - Dec), 2020","February, 2020",2020-02-28,16459026.8641,23143686.34,2255426.4119,1578869.4501,12590173.0304,17510888.64,34557.9717,4983904.2399,7250237.568,990539.0,3993365.2399,6005323.618,10759445.4011,14870756.57,3779.0,10755666.4011,14866712.37,3681890.851,26314.5548,2992306.1835,4087232.343,1215101.03,2020,2,1,9,28,February,0.6030614238098586,2.1304048181338686
India,"Calendar Year (Jan - Dec), 2020","March, 2020",2020-03-13,16528590.1582,23143686.34,2310275.5573,1576095.3471,12606044.0821,17510888.64,36175.1717,5038797.8254,7250237.568,1023925.0,4014872.8254,6005323.618,10796465.4805,14870756.57,3730.0,10792735.4805,14866712.37,3761696.698,26314.5548,3094452.7543,4087232.343,1309568.68,2020,3,1,11,13,March,0.4226452430898586,2.1675234337358074
India,"Calendar Year (Jan - Dec), 2020","March, 2020",2020-03-27,16791629.4924,23143686.34,2341744.413,1737692.3307,12674015.5771,17510888.64,38177.1717,5062304.1139,7250237.568,1094134.0,3968170.1139,6005323.618,11037091.4399,14870756.57,11613.0,11025478.4399,14866712.37,3756799.367,26314.5548,3090647.898,4087232.343,1344903.12,2020,3,1,13,27,March,1.59142027046697,-0.13018941698844655
India,"Calendar Year (Jan - Dec), 2020","March, 2020",2020-03-31,16799963.4542145,23143686.34,2349748.3748,1737692.3307,12674015.5771,17510888.64,38507.1717,4960362.1139,7250237.568,992192.0,3968170.1139,6005323.618,11038644.4399,14870756.57,13166.0,11025478.4399,14866712.37,3801270.577,26347.5166,3026426.898,4087232.343,1378576.0,2020,3,1,14,31,March,0.049631644256264984,1.1837525951116312
India,"Calendar Year (Jan - Dec), 2020","April, 2020",2020-04-10,16989548.9212,23143686.34,2389558.8145,1596480.2974,12964083.6375,17510888.64,39426.1717,5365413.0135,7250237.568,1171048.0,4194365.0135,6005323.618,10990589.4274,14870756.57,7612.0,10982977.4274,14866712.37,3841609.82,26347.5166,3234172.318,4087232.343,1428465.0,2020,4,2,15,10,April,1.1284873773814041,1.0612041995662347
India,"Calendar Year (Jan - Dec), 2020","April, 2020",2020-04-24,17034132.7696,23143686.34,2424665.198,1576085.5244,12993811.8756,17510888.64,39570.1717,5415970.8765,7250237.568,1214517.0,4201453.8765,6005323.618,10923205.7001,14870756.57,6126.0,10917079.7001,14866712.37,3872473.915,26359.1435,3203639.2322,4087232.343,1456602.0,2020,4,2,17,24,April,0.26241925907972696,0.803415662863971
India,"Calendar Year (Jan - Dec), 2020","May, 2020",2020-05-08,17209846.7737,23143686.34,2473867.4402,1565514.316,13132192.0953,17510888.64,38272.9221,5576245.4805,7250237.568,1313672.0,4262573.4805,6005323.618,10904521.4903,14870756.57,7819.0,10896702.4903,14866712.37,3863278.308,26359.1435,3160323.3727,4087232.343,1434734.0,2020,5,2,19,8,May,1.0315406512128922,-0.23746078609802046
India,"Calendar Year (Jan - Dec), 2020","May, 2020",2020-05-22,17230908.2709,23143686.34,2512786.5946,1564750.2161,13111843.6159,17510888.64,41527.8442,5551592.2549,7250237.568,1266000.0,4285592.2549,6005323.618,10874440.5597,14870756.57,5680.0,10868760.5597,14866712.37,3911031.315,26359.1435,3132279.6415,4087232.343,1459878.0,2020,5,2,21,22,May,0.1223805038879755,1.2360747322064158
India,"Calendar Year (Jan - Dec), 2020","June, 2020",2020-06-05,17394404.7777,23143686.34,2544434.2633,1596807.5942,13206220.2368,17510888.64,46942.6834,5570540.7785,7250237.568,1183545.0,4386995.7785,6005323.618,10909087.3316,14870756.57,6796.0,10902291.3316,14866712.37,3981790.613,26386.8647,3093161.9905,4087232.343,1486275.0,2020,6,2,23,5,June,0.9488559989383472,1.809223509119362
India,"Calendar Year (Jan - Dec), 2020","June, 2020",2020-06-19,17315245.7733,23143686.34,2562835.4461,1572973.8309,13140720.8129,17510888.64,38715.6834,5499981.4891,7250237.568,1123896.0,4376085.4891,6005323.618,10900287.7919,14870756.57,7187.0,10893100.7919,14866712.37,4075609.494,26386.8647,3186778.7158,4087232.343,1515242.0,2020,6,2,25,19,June,-0.4550831454806836,2.356198256475217
India,"Calendar Year (Jan - Dec), 2020","July, 2020",2020-07-03,17538911.4605,23143686.34,2571798.3083,1630890.1175,13296044.7616,17510888.64,40178.2731,5635063.5177,7250237.568,1181017.0,4454046.5177,6005323.618,10961372.0457,14870756.57,11848.0,10949524.0457,14866712.37,4058234.645,26411.3236,3141931.3595,4087232.343,1455360.0,2020,7,3,27,3,July,1.2917268985282782,-0.42631289934864647
India,"Calendar Year (Jan - Dec), 2020","July, 2020",2020-07-17,17490781.1805,23143686.34,2580251.2639,1612526.8561,13258727.4875,17510888.64,39275.5731,5499196.7172,7250237.568,1077033.0,4422163.7172,6005323.618,10877715.1045,14870756.57,11827.0,10865888.1045,14866712.37,4113895.184,26411.3236,3026198.1978,4087232.343,1493500.0,2020,7,3,29,17,July,-0.2744199952681936,1.3715456071170529
India,"Calendar Year (Jan - Dec), 2020","July, 2020",2020-07-31,17625803.0429,23143686.34,2576293.4988,1648797.4053,13361005.5657,17510888.64,39706.5731,5609913.8569,7250237.568,1078662.0,4531251.8569,6005323.618,10941684.3253,14870756.57,11588.0,10930096.3253,14866712.37,4228407.613,26429.4739,3180388.8462,4087232.343,1547507.0,2020,7,3,31,31,July,0.7719601600786774,2.783552421203339
India,"Calendar Year (Jan - Dec), 2020","August, 2020",2020-08-14,17561514.451,23143686.34,2593813.916,1584270.3128,13343887.6491,17510888.64,39542.5731,5534710.5096,7250237.568,979844.0,4554866.5096,6005323.618,10879171.1723,14870756.57,11613.0,10867558.1723,14866712.37,4238606.781,26429.4739,3117160.9378,4087232.343,1488013.0,2020,8,3,33,14,August,-0.36474134961977933,0.24120588489728867
India,"Calendar Year (Jan - Dec), 2020","August, 2020",2020-08-28,17647971.8498,23143686.34,2583110.8975,1659206.7849,13365690.5943,17510888.64,39963.5731,5613739.2167,7250237.568,1015146.0,4598593.2167,6005323.618,10876237.0882,14870756.57,11565.0,10864672.0882,14866712.37,4202614.318,26450.8801,3070831.5683,4087232.343,1422187.0,2020,8,3,35,28,August,0.4923117481765882,-0.8491578686029677
India,"Calendar Year (Jan - Dec), 2020","September, 2020",2020-09-11,17738364.7014,23143686.34,2600242.5204,1634618.0037,13461440.6042,17510888.64,42063.5731,5617834.9967,7250237.568,976999.0,4640835.9967,6005323.618,10889518.1594,14870756.57,13844.0,10875674.1594,14866712.37,4209698.404,26450.8801,3004900.568,4087232.343,1408836.0,2020,9,3,37,11,September,0.5121996588011601,0.16856379063048266
India,"Calendar Year (Jan - Dec), 2020","September, 2020",2020-09-25,17739764.5283,23143686.34,2585242.725,1696910.1218,13414790.1083,17510888.64,42821.5731,5518317.4877,7250237.568,836430.0,4681887.4877,6005323.618,10933906.3275,14870756.57,14740.0,10919166.3275,14866712.37,4283535.599,26481.4085,3022240.0685,4087232.343,1384620.0,2020,9,3,39,25,September,0.007891521702041437,1.7539782643298363
India,"Calendar Year (Jan - Dec), 2020","October, 2020",2020-10-09,17806236.2751,23143686.34,2609153.7959,1590906.3625,13563303.5436,17510888.64,42872.5731,5629858.7406,7250237.568,925601.0,4704257.7406,6005323.618,11005565.3717,14870756.57,14804.0,10990761.3717,14866712.37,4327964.885,26481.4085,3183397.6187,4087232.343,1382410.0,2020,10,4,41,9,October,0.3747047864922859,1.037210616631068
India,"Calendar Year (Jan - Dec), 2020","October, 2020",2020-10-23,17803739.2363,23143686.34,2619578.3777,1625685.9536,13517758.3319,17510888.64,40716.5731,5587218.3079,7250237.568,905454.0,4681764.3079,6005323.618,10999619.4728,14870756.57,14792.0,10984827.4728,14866712.37,4418910.799,26481.4085,3228251.3261,4087232.343,1412360.0,2020,10,4,43,23,October,-0.014023394733297945,2.1013551730792335
India,"Calendar Year (Jan - Dec), 2020","November, 2020",2020-11-06,17934854.2162,23143686.34,2637686.7534,1615836.0105,13639673.8694,17510888.64,41657.583,5716068.6764,7250237.568,996346.0,4719722.6764,6005323.618,11079549.4511,14870756.57,14934.0,11064615.4511,14866712.37,4501240.163,26540.523,3388301.8172,4087232.343,1471846.0,2020,11,4,45,6,November,0.7364463058000315,1.8631144131407096
India,"Calendar Year (Jan - Dec), 2020","November, 2020",2020-11-20,17937938.8787,23143686.34,2673534.1029,1632937.679,13589563.5138,17510888.64,41903.583,5691513.7159,7250237.568,1023947.0,4667566.7159,6005323.618,11092384.6378,14870756.57,12173.0,11080211.6378,14866712.37,4547098.957,26540.523,3419355.3809,4087232.343,1465188.0,2020,11,4,47,20,November,0.017199261632194762,1.0188035372330928
India,"Calendar Year (Jan - Dec), 2020","December, 2020",2020-12-04,18153285.99,23143686.34,2677852.083,1713631.727,13719923.6,17510888.64,41878.58296,5824948.65,7250237.568,1091996.0,4732952.65,6005323.618,11154689.07,14870756.57,10876.0,11143813.07,14866712.37,4553094.327,26618.34401,3405819.46,4087232.343,1468060.0,2020,12,4,49,4,December,1.2005120139845449,0.13185044039496496
India,"Calendar Year (Jan - Dec), 2020","December, 2020",2020-12-18,18055371.9854,23143686.34,2681512.1717,1686628.1767,13645443.2208,17510888.64,41788.4161,5637236.428,7250237.568,980473.0,4656763.428,6005323.618,11204825.9866,14870756.57,11205.0,11193620.9866,14866712.37,4597860.249,26618.344,3410924.0193,4087232.343,1478822.0,2020,12,4,51,18,December,-0.5393734481676571,0.9831977724365837
India,"Calendar Year (Jan - Dec), 2021","January, 2021",2021-01-01,18300409.7995,23143686.34,2674769.1854,1744749.6303,13838481.1266,17510888.64,42409.8572,5826612.2325,7250237.568,1102052.66,4724559.5725,6005323.618,11360928.1553,14870756.57,11495.66,11349432.4953,14866712.37,4599747.041,26680.8071,3513314.6626,4087232.343,1457673.0,2021,1,1,53,1,January,1.3571463069171008,0.04103630597320773
India,"Calendar Year (Jan - Dec), 2021","January, 2021",2021-01-15,18239730.6328,23143686.34,2717022.7176,1696184.315,13783932.253,17510888.64,42591.3472,5718166.1259,7250237.568,1051665.12,4666501.0059,6005323.618,11300981.5098,14870756.57,9340.68,11291640.8298,14866712.37,4580802.453,26680.8071,3386658.4372,4087232.343,1446793.0,2021,1,1,2,15,January,-0.3315727208559882,-0.4118615182777896
India,"Calendar Year (Jan - Dec), 2021","January, 2021",2021-01-29,18406665.732,23143686.34,2707212.899,1814269.1465,13841961.5393,17510888.64,43222.1472,5735481.5129,7250237.568,1058047.7,4677433.8129,6005323.618,11361489.6711,14870756.57,8600.87,11352888.8011,14866712.37,4609367.148,26746.8772,3326177.8965,4087232.343,1436672.0,2021,1,1,4,29,January,0.9152278756781929,0.6235740417335212
India,"Calendar Year (Jan - Dec), 2021","February, 2021",2021-02-12,18420102.0151,23143686.34,2745502.1441,1753085.7699,13878230.5695,17510888.64,43283.5315,5852196.06,7250237.568,1139637.73,4712558.33,6005323.618,11361396.5987,14870756.57,8415.36,11352981.2387,14866712.37,4572303.871,26746.8772,3392300.5424,4087232.343,1417642.0,2021,2,1,6,12,February,0.0729968332974007,-0.804086023307593
India,"Calendar Year (Jan - Dec), 2021","February, 2021",2021-02-26,18563764.1201,23143686.34,2735084.9611,1824436.2947,13959468.7359,17510888.64,44774.1283,5770645.564,7250237.568,1064827.26,4705818.304,6005323.618,11433719.5903,14870756.57,8625.36,11425094.2303,14866712.37,4616882.301,26819.399,3284061.1016,4087232.343,1410510.0,2021,2,1,8,26,February,0.7799202462735133,0.974966477681849
India,"Calendar Year (Jan - Dec), 2021","March, 2021",2021-03-12,18613815.2539,23143686.34,2759472.697,1819084.3527,13989462.3558,17510888.64,45795.8483,5831114.3973,7250237.568,1070490.3,4760624.0973,6005323.618,11453931.4885,14870756.57,8511.07,11445420.4185,14866712.37,4546639.627,26819.399,3244452.3393,4087232.343,1353738.0,2021,3,1,10,12,March,0.26961737649859874,-1.521430901211962
India,"Calendar Year (Jan - Dec), 2021","March, 2021",2021-03-26,18849450.9834,23143686.34,2756705.1643,1995120.1093,14050278.4015,17510888.64,47347.3083,5732751.1912,7250237.568,982062.67,4750688.5212,6005323.618,11668281.4978,14870756.57,8524.07,11659757.4278,14866712.37,4561133.017,26912.611,3139393.2549,4087232.343,1332191.0,2021,3,1,12,26,March,1.2659184927207745,0.318771470558854
India,"Calendar Year (Jan - Dec), 2021","March, 2021",2021-03-31,18844577.753,23143686.34,2751828.454,1995120.109,14050278.401,17510888.64,47350.788,5850374.021246,7250237.568,1099685.5,4750688.521246,6005323.618,11668466.347838,14870756.57,8708.92,11659757.427838,14866712.37,4579084.763,26912.610953,3280021.484945,4087232.343,1356898.0,2021,3,1,13,31,March,-0.025853434162570466,0.39358084785274805
India,"Calendar Year (Jan - Dec), 2021","April, 2021",2021-04-09,18980415.2978,23143686.34,2786927.4873,1877849.3223,14269346.61,17510888.64,46291.8783,6085973.6176,7250237.568,1246042.79,4839930.8276,6005323.618,11609590.3471,14870756.57,8671.52,11600918.8271,14866712.37,4698631.45,26912.611,3440446.2562,4087232.343,1476084.0,2021,4,2,14,9,April,0.7208309285591463,2.6107113798364834
India,"Calendar Year (Jan - Dec), 2021","April, 2021",2021-04-23,18919037.1237,23143686.34,2802804.3155,1862549.837,14208174.2728,17510888.64,45508.6983,5911684.2874,7250237.568,1144051.62,4767632.6674,6005323.618,11582039.3878,14870756.57,8671.52,11573367.8678,14866712.37,4741084.943,26912.611,3342684.106,4087232.343,1514332.0,2021,4,2,16,23,April,-0.3233763494475017,0.9035288988243462
India,"Calendar Year (Jan - Dec), 2021","May, 2021",2021-05-07,19040068.3487,23143686.34,2838183.8743,1855121.3658,14297867.3803,17510888.64,48895.7283,6011375.8203,7250237.568,1153401.46,4857974.3603,6005323.618,11588369.1768,14870756.57,5976.87,11582392.3068,14866712.37,4692976.763,26973.0331,3279382.3399,4087232.343,1440786.0,2021,5,2,18,7,May,0.6397324779725988,-1.0147082488161097
India,"Calendar Year (Jan - Dec), 2021","May, 2021",2021-05-21,19012125.6891,23143686.34,2861264.3788,1830962.3538,14271447.8081,17510888.64,48451.1483,5863293.2259,7250237.568,1025198.78,4838094.4459,6005323.618,11543146.7547,14870756.57,1434.6,11541712.1547,14866712.37,4678431.956,26973.0331,3099719.281,4087232.343,1332726.0,2021,5,2,20,21,May,-0.1467571391460254,-0.309927104576202
India,"Calendar Year (Jan - Dec), 2021","June, 2021",2021-06-04,19174409.5803,23143686.34,2877086.0036,1866342.9519,14381099.6564,17510888.64,49880.9683,6025339.9082,7250237.568,1108321.09,4917018.8182,6005323.618,11553340.7008,14870756.57,1963.6,11551377.1008,14866712.37,4776825.544,26995.231,3207850.348,4087232.343,1329222.0,2021,6,2,22,4,June,0.8535809927505245,2.1031317528047433
India,"Calendar Year (Jan - Dec), 2021","June, 2021",2021-06-18,19169565.0934,23143686.34,2887260.2679,1887451.8006,14344658.5466,17510888.64,50194.4783,5921492.1418,7250237.568,1049521.41,4871970.7318,6005323.618,11552794.1167,14870756.57,5748.6,11547045.5167,14866712.37,4778147.527,26995.231,3109863.923,4087232.343,1350053.0,2021,6,2,24,18,June,-0.025265377166949765,0.027674927372234315
India,"Calendar Year (Jan - Dec), 2021","July, 2021",2021-07-02,19313332.7277,23143686.34,2874728.9285,1886483.9564,14503377.3949,17510888.64,48742.4479,6069689.0762,7250237.568,1108632.6,4961056.4762,6005323.618,11643181.9312,14870756.57,9632.04,11633549.8912,14866712.37,4874456.107,27052.5137,3300802.6213,4087232.343,1383614.0,2021,7,3,26,2,July,0.749978591582634,2.0156049903395923
India,"Calendar Year (Jan - Dec), 2021","July, 2021",2021-07-16,19376389.212,23143686.34,2874622.6568,1984119.8376,14467731.4297,17510888.64,49915.2879,6049000.1447,7250237.568,1097776.08,4951224.0647,6005323.618,11592496.7567,14870756.57,9633.02,11582863.7367,14866712.37,4891020.567,27052.5137,3182935.731,4087232.343,1384680.0,2021,7,3,28,16,July,0.326491989699762,0.3398217080304189
India,"Calendar Year (Jan - Dec), 2021","July, 2021",2021-07-30,19372775.6462,23143686.34,2839134.3355,1970701.1375,14516843.4733,17510888.64,46096.7,6055459.5701,7250237.568,1116972.8,4938486.7701,6005323.618,11624568.4681,14870756.57,8573.02,11615995.4481,14866712.37,4939147.026,27123.9199999999,3273523.338,4087232.343,1383073.0,2021,7,3,30,30,July,-0.01864932501336458,0.9839758050643299
India,"Calendar Year (Jan - Dec), 2021","August, 2021",2021-08-13,19407302.6214,23143686.34,2854367.4739,1931770.6886,14575265.2325,17510888.64,45899.2264,6096112.672,7250237.568,1188427.15,4907685.522,6005323.618,11601295.6585,14870756.57,8697.98,11592597.6785,14866712.37,4921494.391,27123.92,3238481.0655,4087232.343,1349294.0,2021,8,3,32,13,August,0.17822420406117256,-0.3574025010204207
India,"Calendar Year (Jan - Dec), 2021","August, 2021",2021-08-27,19330427.0815,23143686.34,2830825.416,1926200.4473,14527245.4017,17510888.64,46155.8164,6079314.2448,7250237.568,1191232.06,4888082.1848,6005323.618,11610171.2806,14870756.57,8615.98,11601555.3006,14866712.37,4858051.164,27209.7366,3244319.345,4087232.343,1316952.0,2021,8,3,34,27,August,-0.39611656189267874,-1.289104933575047
India,"Calendar Year (Jan - Dec), 2021","September, 2021",2021-09-10,19402807.0005,23143686.34,2844102.5943,1888248.8815,14623733.3483,17510888.64,46722.1764,6256082.4542,7250237.568,1251824.7,5004257.7542,6005323.618,11624143.8714,14870756.57,7000.41,11617143.4614,14866712.37,4905003.67,27209.7366,3409391.558,4087232.343,1322870.0,2021,9,3,36,10,September,0.37443517773734225,0.9664885036192228
India,"Calendar Year (Jan - Dec), 2021","September, 2021",2021-09-24,19396288.7573,23143686.34,2815016.9106,1958497.6388,14575874.2495,17510888.64,46899.9585,6076476.8138,7250237.568,1118510.74,4957966.0738,6005323.618,11666276.6279,14870756.57,5796.41,11660480.2179,14866712.37,4926232.115,27292.6309,3299989.43,4087232.343,1315425.0,2021,9,3,38,24,September,-0.03359433096372655,0.43279162317120257
India,"Calendar Year (Jan - Dec), 2021","October, 2021",2021-10-08,19567861.0696,23143686.34,2830596.6249,1919492.3222,14770034.5919,17510888.64,47737.5305,6127203.4179,7250237.568,1138634.31,4988569.1079,6005323.618,11722340.8544,14870756.57,4433.79,11717907.0644,14866712.37,4999006.349,27292.6309,3307738.3141,4087232.343,1374296.0,2021,10,4,40,8,October,0.8845625802277546,1.4772798418979827
India,"Calendar Year (Jan - Dec), 2021","October, 2021",2021-10-22,19523114.1912,23143686.34,2825698.0512,1958529.9601,14691721.0094,17510888.64,47165.1705,5977236.9807,7250237.568,1043103.16,4934133.8207,6005323.618,11749815.0046,14870756.57,1979.79,11747835.2146,14866712.37,5005020.689,27292.6309,3236251.114,4087232.343,1373366.0,2021,10,4,42,22,October,-0.2286753684566989,0.1203107093713296
India,"Calendar Year (Jan - Dec), 2021","November, 2021",2021-11-05,19913687.2351,23143686.34,2879326.0078,2110041.1848,14876437.942,17510888.64,47882.1005,6170219.1042,7250237.568,1186805.45,4983413.6543,6005323.618,11873859.5443,14870756.57,2140.29,11871719.2543,14866712.37,4975937.399,27441.0632,3133527.787,4087232.343,1337844.0,2021,11,4,44,5,November,2.0005673279114955,-0.5810823132843201
India,"Calendar Year (Jan - Dec), 2021","November, 2021",2021-11-19,19645634.2606,23143686.34,2878246.2375,1957254.3466,14762272.376,17510888.64,47861.3005,6075285.2043,7250237.568,1193963.9,4881321.3043,6005323.618,11869925.5596,14870756.57,4634.29,11865291.2696,14866712.37,4960591.282,27441.0632,3287608.848,4087232.343,1328145.0,2021,11,4,46,19,November,-1.3460740411124328,-0.30840655276500595
India,"Calendar Year (Jan - Dec), 2021","December, 2021",2021-12-03,19817261.71,23143686.34,2876213.927,2007108.341,14885704.89,17510888.64,48234.55046,6286535.514,7250237.568,1309945.96,4976589.554,6005323.618,11865569.64,14870756.57,2067.29,11863502.35,14866712.37,4980189.757,27538.75103,3342331.149,4087232.343,1347490.0,2021,12,4,48,3,December,0.8736162300659656,0.3950834464253372
India,"Calendar Year (Jan - Dec), 2021","December, 2021",2021-12-17,19741402.94,23143686.34,2894325.311,1994275.272,14804346.35,17510888.64,48456.00046,6024477.926,7250237.568,1127230.15,4897247.776,6005323.618,11911130.16,14870756.57,1945.29,11909184.87,14866712.37,5038990.176,27538.75103,3260487.843,4087232.343,1417943.0,2021,12,4,50,17,December,-0.38279138212985453,1.1806863165675807
India,"Calendar Year (Jan - Dec), 2021","December, 2021",2021-12-31,20114036.34,23143686.34,2881115.13,2206052.413,14975823.4,17510888.64,51045.40505,6100716.0186,7250237.568,1194334.66,4906381.3586,6005323.618,12290941.8295,14870756.57,2094.3,12288847.5295,14866712.37,4849750.516,27664.2722,3155036.293,4087232.343,1307284.0,2021,12,4,52,31,December,1.8875730419592784,-3.7555076193901304
India,"Calendar Year (Jan - Dec), 2022","January, 2022",2022-01-14,19907347.2,23143686.34,2934712.252,1967140.999,14955857.39,17510888.64,49636.56505,6084343.986,7250237.568,1161053.51,4923290.476,6005323.618,12111482.27,14870756.57,5140.3,12106341.97,14866712.37,4836567.79,27664.27217,3152472.028,4087232.343,1302149.0,2022,1,1,2,14,January,-1.0275865893160652,-0.2718227660682415
India,"Calendar Year (Jan - Dec), 2022","January, 2022",2022-01-28,19947684.11,23143686.34,2931920.928,2050497.06,14912628.34,17510888.64,52637.78505,5934151.2256,7250237.568,1058705.99,4875445.2356,6005323.618,12174903.8817,14870756.57,2874.24,12172029.6417,14866712.37,4841628.316,27764.1278,3030763.441,4087232.343,1292154.0,2022,1,1,4,28,January,0.20262323048245712,0.10463051940392543
India,"Calendar Year (Jan - Dec), 2022","February, 2022",2022-02-11,20086004.43,23143686.34,2975708.288,2032449.539,15025262.09,17510888.64,52584.50505,6157985.718,7250237.568,1192117.74,4965867.978,6005323.618,12270046.3,14870756.57,1957.3,12268089.0,14866712.37,4874362.045,27764.12784,3243910.356,4087232.343,1325288.0,2022,2,1,6,11,February,0.6934154322739694,0.6760892588930423
India,"Calendar Year (Jan - Dec), 2022","February, 2022",2022-02-25,20183528.16,23143686.34,2980564.96,2103056.378,15045154.41,17510888.64,54752.41505,6232004.2433,7250237.568,1267912.23,4964092.0133,6005323.618,12350301.5187,14870756.57,1853.3,12348448.2187,14866712.37,4882056.22,27881.8631,3308715.686,4087232.343,1324624.0,2022,2,1,8,25,February,0.48553076018613694,0.15784988741023298
India,"Calendar Year (Jan - Dec), 2022","March, 2022",2022-03-11,20278974.95,23143686.34,3018879.414,2044071.925,15164343.6,17510888.64,51680.01505,6339925.117,7250237.568,1294484.65,5045440.467,6005323.618,12421076.36,14870756.57,2086.31,12418990.05,14866712.37,4905086.545,27881.8631,3414751.32,4087232.343,1388161.0,2022,3,1,10,11,March,0.47289447733502854,0.4717341210790149
India,"Calendar Year (Jan - Dec), 2022","March, 2022",2022-03-25,20489597.31,23143686.34,3037621.843,2212991.704,15186604.55,17510888.64,52379.20505,6204211.304,7250237.568,1177178.4,5027032.904,6005323.618,12610041.99,14870756.57,10092.31,12599949.68,14866712.37,4963324.25,28012.97774,3315751.73,4087232.343,1347202.0,2022,3,1,12,25,March,1.038624292003476,1.1872920990428693
India,"Calendar Year (Jan - Dec), 2022","March, 2022",2022-03-31,20493729.19,23143686.34,3035688.823,2212991.704,15186604.55,17510888.64,58444.10505,6477629.284,7250237.568,1450596.38,5027032.904,6005323.618,12616520.22,14870756.57,16570.54,12599949.68,14866712.37,4854303.309,28012.97774,3482736.604,4087232.343,1308741.0,2022,3,1,13,31,March,0.020165745268152513,-2.1965307021800884
India,"Calendar Year (Jan - Dec), 2022","April, 2022",2022-04-08,20706215.31,23143686.34,2967201.358,2168598.51,15512615.71,17510888.64,57799.73505,6515590.714,7250237.568,1461762.76,5053827.954,6005323.618,12697113.58,14870756.57,13765.94,12683347.64,14866712.37,4840500.571,28012.97774,3374764.875,4087232.343,1269198.0,2022,4,2,14,8,April,1.0368348192269616,-0.2843402466098377
India,"Calendar Year (Jan - Dec), 2022","April, 2022",2022-04-22,20712047.95,23143686.34,3093158.804,2135458.952,15425862.09,17510888.64,57568.10505,6411590.818,7250237.568,1343761.44,5067829.378,6005323.618,12682961.33,14870756.57,10647.19,12672314.14,14866712.37,4848526.713,28012.97774,3259043.892,4087232.343,1265895.0,2022,4,2,16,22,April,0.028168547040974268,0.1658122312408361
India,"Calendar Year (Jan - Dec), 2022","May, 2022",2022-05-06,20811466.18,23143686.34,3122170.219,2158511.789,15474812.33,17510888.64,55971.83505,6400871.061,7250237.568,1270275.41,5130595.651,6005323.618,12763371.16,14870756.57,7774.53,12755596.63,14866712.37,4840178.577,28159.92253,3220882.026,4087232.343,1221458.0,2022,5,2,18,6,May,0.48000193047061934,-0.17217881831232962
India,"Calendar Year (Jan - Dec), 2022","May, 2022",2022-05-20,20682307.05,23143686.34,3117960.29,2126310.078,15384208.76,17510888.64,53827.92383,6264552.52,7250237.568,1196324.5,5068228.02,6005323.618,12769726.95,14870756.57,15274.53,12754452.42,14866712.37,4895255.758,28159.92253,3275388.106,4087232.343,1253279.0,2022,5,2,20,20,May,-0.6206152362495332,1.1379163004795245
India,"Calendar Year (Jan - Dec), 2022","June, 2022",2022-06-03,20819898.92,23143686.34,3095774.129,2124931.174,15544774.22,17510888.64,54419.39383,6337281.632,7250237.568,1192829.9,5144451.732,6005323.618,12879075.61,14870756.57,20612.64,12858462.97,14866712.37,4920992.894,28292.85191,3345503.492,4087232.343,1268616.0,2022,6,2,22,3,June,0.6652636462043171,0.5257567177759714
India,"Calendar Year (Jan - Dec), 2022","June, 2022",2022-06-17,20663816.95,23143686.34,3104150.784,2087340.38,15417970.88,17510888.64,54354.90383,6263058.811,7250237.568,1081805.02,5181253.791,6005323.618,12892034.28,14870756.57,29080.91,12862953.37,14866712.37,4713797.857,28292.85191,3233366.852,4087232.343,1212795.0,2022,6,2,24,17,June,-0.7496768865196901,-4.2104315422325955
India,"Calendar Year (Jan - Dec), 2022","July, 2022",2022-07-01,21040576.47,23143686.34,3082094.852,2191007.84,15708406.39,17510888.64,59067.39009,6401777.641,7250237.568,1142728.68,5259048.961,6005323.618,13130647.79,14870756.57,33091.33,13097556.46,14866712.37,4743648.216,28451.09075,3263706.429,4087232.343,1281357.0,2022,7,3,26,1,July,1.8232813468665565,0.6332549656467013
India,"Calendar Year (Jan - Dec), 2022","July, 2022",2022-07-15,20910896.02,23143686.34,3105134.225,2095080.742,15653488.72,17510888.64,57192.33009,6420322.244,7250237.568,1130936.14,5289386.104,6005323.618,13027798.53,14870756.57,33079.33,12994719.2,14866712.37,4674986.521,28451.09075,3240423.003,4087232.343,1283167.0,2022,7,3,28,15,July,-0.6163350618501373,-1.4474449173614734
India,"Calendar Year (Jan - Dec), 2022","July, 2022",2022-07-29,21032347.94,23143686.34,3063746.296,2183208.548,15728149.38,17510888.64,57243.72009,6408664.171,7250237.568,1098523.51,5310140.661,6005323.618,13116787.2,14870756.57,34706.37,13082080.83,14866712.37,4649270.41,28611.1491,3170984.987,4087232.343,1333127.0,2022,7,3,30,29,July,0.5808068668307742,-0.550078826633682
India,"Calendar Year (Jan - Dec), 2022","August, 2022",2022-08-12,21035847.42,23143686.34,3092123.24,2116526.742,15770248.66,17510888.64,56948.78009,6513766.62,7250237.568,1140113.72,5373652.9,6005323.618,13165715.07,14870756.57,25809.7,13139905.37,14866712.37,4643565.175,28611.1491,3315567.511,4087232.343,1353971.0,2022,8,3,32,12,August,0.016638560801607305,-0.12271247952644337
India,"Calendar Year (Jan - Dec), 2022","August, 2022",2022-08-26,21051422.69,23143686.34,3062478.985,2163986.73,15767767.92,17510888.64,57189.06009,6471313.249,7250237.568,1103484.34,5367828.909,6005323.618,13206634.06,14870756.57,32968.7,13173665.36,14866712.37,4579494.226,28791.12631,3234809.972,4087232.343,1309669.0,2022,8,3,34,26,August,0.07404156195387479,-1.3797792554941402
India,"Calendar Year (Jan - Dec), 2022","September, 2022",2022-09-09,21128496.35,23143686.34,3072684.093,2109307.938,15884906.27,17510888.64,61598.05009,6583445.88,7250237.568,1179766.01,5403679.87,6005323.618,13297276.13,14870756.57,29897.25,13267378.88,14866712.37,4485072.207,28791.12631,3265851.984,4087232.343,1258222.0,2022,9,3,36,9,September,0.3661209084771855,-2.0618438268558137
India,"Calendar Year (Jan - Dec), 2022","September, 2022",2022-09-23,21072896.11,23143686.34,3044593.62,2120902.227,15844856.11,17510888.64,62544.15009,6437671.709,7250237.568,1060547.24,5377124.469,6005323.618,13375782.6,14870756.57,29638.4,13346144.2,14866712.37,4452569.111,28791.12631,3221918.439,4087232.343,1226760.0,2022,9,3,38,23,September,-0.2631528485461887,-0.7246950439119382
India,"Calendar Year (Jan - Dec), 2022","October, 2022",2022-10-07,21336064.55,23143686.34,3063346.71,2185645.315,16017302.82,17510888.64,69769.71009,6559027.329,7250237.568,1153343.78,5405683.549,6005323.618,13592226.87,14870756.57,18477.01,13573749.86,14866712.37,4482784.733,29003.49827,3326734.418,4087232.343,1282896.0,2022,10,4,40,7,October,1.248847992351254,0.6786109602510804
India,"Calendar Year (Jan - Dec), 2022","October, 2022",2022-10-21,21301949.29,23143686.34,3088753.43,2167213.541,15975981.36,17510888.64,70000.96009,6444603.573,7250237.568,1091547.61,5353055.963,6005323.618,13620436.37,14870756.57,18954.28,13601482.09,14866712.37,4434960.515,29003.49827,3227054.664,4087232.343,1243837.0,2022,10,4,42,21,October,-0.1598948105919651,-1.0668417255895069
India,"Calendar Year (Jan - Dec), 2022","November, 2022",2022-11-04,21458444.09,23143686.34,3083069.379,2197740.297,16106806.01,17510888.64,70828.40009,6608772.817,7250237.568,1226985.73,5381787.087,6005323.618,13656653.0,14870756.57,12678.13,13643974.87,14866712.37,4469807.512,29211.71947,3305758.105,4087232.343,1266309.0,2022,11,4,44,4,November,0.7346501386775284,0.7857340980182315
India,"Calendar Year (Jan - Dec), 2022","November, 2022",2022-11-18,21399921.34,23143686.34,3093618.044,2192060.228,16043533.62,17510888.64,70709.44092,6612762.11,7250237.568,1226047.02,5386715.09,6005323.618,13679367.37,14870756.57,14661.11,13664706.26,14866712.37,4572052.009,29211.71947,3493471.876,4087232.343,1381794.0,2022,11,4,46,18,November,-0.27272597097229845,2.2874474286757485
India,"Calendar Year (Jan - Dec), 2022","December, 2022",2022-12-02,21616590.15,23143686.34,3088378.591,2230486.721,16232494.32,17510888.64,65230.51092,6738910.923,7250237.568,1318497.15,5420413.773,6005323.618,13845336.78,14870756.57,19799.47,13825537.31,14866712.37,4662085.669,29383.89585,3658876.613,4087232.343,1439447.0,2022,12,4,48,2,December,1.0124747963208947,1.9692177565515667
India,"Calendar Year (Jan - Dec), 2022","December, 2022",2022-12-16,21484518.59,23143686.34,3127695.164,2173283.235,16119394.73,17510888.64,64145.46092,6525131.469,7250237.568,1097957.02,5427174.449,6005323.618,13888869.42,14870756.57,14282.02,13874587.4,14866712.37,4764176.936,29383.89585,3722785.044,4087232.343,1511530.0,2022,12,4,50,16,December,-0.6109731418486364,2.189819626843059
India,"Calendar Year (Jan - Dec), 2022","December, 2022",2022-12-30,21859234.62,23143686.34,3122235.839,2341935.669,16332130.87,17510888.64,62932.2437,6565472.208,7250237.568,1170253.36,5395218.848,6005323.618,14046876.59,14870756.57,19852.15,14027024.44,14866712.37,4749044.724,29600.49624,3531759.403,4087232.343,1495047.0,2022,12,4,52,30,December,1.7441211374148002,-0.31762489519762127
India,"Calendar Year (Jan - Dec), 2023","January, 2023",2023-01-13,21843078.71,23143686.34,3163730.153,2216265.947,16400756.45,17510888.64,62326.1637,6753826.498,7250237.568,1253931.52,5499894.978,6005323.618,14001764.76,14870756.57,3724.19,13998040.57,14866712.37,4747492.9,29600.49624,3689605.938,4087232.343,1503270.0,2023,1,1,2,13,January,-0.0739088549112199,-0.03267655055252394
India,"Calendar Year (Jan - Dec), 2023","January, 2023",2023-01-27,21895034.21,23143686.34,3169719.882,2296791.934,16364701.44,17510888.64,63820.9537,6657364.927,7250237.568,1162728.75,5494636.177,6005323.618,14072457.2,14870756.57,11223.45,14061233.75,14866712.37,4795224.15,29790.5317,3659802.602,4087232.343,1531718.0,2023,1,1,4,27,January,0.23785795349542393,1.0053990812708635
India,"Calendar Year (Jan - Dec), 2023","February, 2023",2023-02-10,21988001.46,23143686.34,3207072.675,2230889.206,16486209.88,17510888.64,63829.7008,6784534.751,7250237.568,1216726.76,5567807.991,6005323.618,14155163.99,14870756.57,11850.34,14143313.65,14866712.37,4769853.321,29790.5317,3751341.134,4087232.343,1535488.0,2023,2,1,6,10,February,0.42460426920702954,-0.5290853609001722
India,"Calendar Year (Jan - Dec), 2023","February, 2023",2023-02-24,22093331.39,23143686.34,3222736.658,2292581.119,16513884.66,17510888.64,64128.9508,6854245.976,7250237.568,1216524.75,5637721.226,6005323.618,14188367.68,14870756.57,12529.41,14175838.27,14866712.37,4734514.437,30006.68055,3713803.388,4087232.343,1496659.0,2023,2,1,8,24,February,0.47903366839234796,-0.7408798892078239
India,"Calendar Year (Jan - Dec), 2023","March, 2023",2023-03-10,22223721.35,23143686.34,3258092.885,2258851.144,16642515.54,17510888.64,64261.7808,6979996.174,7250237.568,1291300.6,5688695.574,6005323.618,14293531.91,14870756.57,18719.41,14274812.5,14866712.37,4688268.313,30006.68055,3768081.721,4087232.343,1450764.0,2023,3,1,10,10,March,0.5901779034510835,-0.9767870520910993
India,"Calendar Year (Jan - Dec), 2023","March, 2023",2023-03-24,22333226.85,23143686.34,3278333.622,2320597.545,16668965.71,17510888.64,65329.9708,6916057.972,7250237.568,1201650.88,5714407.092,6005323.618,14423483.21,14870756.57,20396.1,14403087.11,14866712.37,4931348.989,30006.68055,3967669.999,4087232.343,1612619.0,2023,3,1,12,24,March,0.49274150928821925,5.184871252482859
India,"Calendar Year (Jan - Dec), 2023","March, 2023",2023-03-31,22343760.32,23143686.34,3276435.898,2320597.545,16668965.71,17510888.64,77761.1708,7165532.642,7250237.568,1451125.55,5714407.092,6005323.618,14429636.07,14870756.57,26548.96,14403087.11,14866712.37,4912025.207,30285.47654,4193719.068,4087232.343,1587824.0,2023,3,1,13,31,March,0.04716501592334499,-0.39185590075055954
India,"Calendar Year (Jan - Dec), 2023","April, 2023",2023-04-07,22777267.5,23143686.34,3300397.525,2361555.71,17043901.65,17510888.64,71412.6108,7369873.343,7250237.568,1546809.81,5823063.533,6005323.618,14600338.47,14870756.57,20390.19,14579948.28,14866712.37,4946998.307,30285.47654,4170228.102,4087232.343,1630067.0,2023,4,2,14,7,April,1.940171098290766,0.7119894244467684
India,"Calendar Year (Jan - Dec), 2023","April, 2023",2023-04-21,22683199.37,23143686.34,3346486.175,2281765.218,16986639.39,17510888.64,68308.5808,7165546.577,7250237.568,1420099.33,5745447.247,6005323.618,14611581.08,14870756.57,21792.03,14589789.05,14866712.37,4953732.849,30285.47654,4077946.612,4087232.343,1614722.0,2023,4,2,16,21,April,-0.4129912861584373,0.13613390549318538
India,"Calendar Year (Jan - Dec), 2023","May, 2023",2023-05-05,22823219.22,23143686.34,3366933.421,2318606.571,17069463.82,17510888.64,68215.4008,7228348.161,7250237.568,1404198.69,5824149.471,6005323.618,14656472.44,14870756.57,22197.83,14634274.61,14866712.37,5033416.335,30481.55601,4125499.274,4087232.343,1639290.0,2023,5,2,18,5,May,0.6172843950099205,1.6085543655444567
India,"Calendar Year (Jan - Dec), 2023","May, 2023",2023-05-19,22766809.97,23143686.34,3371391.007,2260901.997,17066523.01,17510888.64,67993.9608,7135937.781,7250237.568,1284067.62,5851870.161,6005323.618,14633072.47,14870756.57,5863.2,14627209.27,14866712.37,5063228.617,30481.55601,4095910.453,4087232.343,1553549.296,2023,5,2,20,19,May,-0.2471572894965135,0.5922872263257606
India,"Calendar Year (Jan - Dec), 2023","June, 2023",2023-06-02,23008649.7,23143686.34,3282780.55,2323735.533,17332965.19,17510888.64,69168.4308,7314580.767,7250237.568,1406508.71,5908072.057,6005323.618,14747581.78,14870756.57,3751.65,14743830.13,14866712.37,5056284.37,30691.63485,4140488.849,4087232.343,1544588.789,2023,6,2,22,2,June,1.0622468862290013,-0.1371505718047894
India,"Calendar Year (Jan - Dec), 2023","June, 2023",2023-06-16,22858413.0,23143686.34,3269676.754,2299952.497,17220033.06,17510888.64,68750.6908,7167629.396,7250237.568,1223323.16,5944306.236,6005323.618,14762848.37,14870756.57,4865.39,14757982.98,14866712.37,5043498.418,30691.63485,4146254.81,4087232.343,1528668.567,2023,6,2,24,16,June,-0.6529574832024987,-0.2528724862838505
India,"Calendar Year (Jan - Dec), 2023","June, 2023",2023-06-30,23424748.01,23143686.34,3234608.299,2590246.193,17521213.32,17510888.64,78680.19959,7190341.002,7250237.568,1220251.32,5970089.682,6005323.618,15123403.29,14870756.57,5382.79,15118020.5,14866712.37,4960325.35,30924.62986,3880246.27,4087232.343,1482052.191,2023,6,2,26,30,June,2.4775779928379205,-1.649114584891298
India,"Calendar Year (Jan - Dec), 2023","July, 2023",2023-07-14,23297681.26,23143686.34,3236671.421,2321507.823,17664883.55,17510888.64,74618.46296,7362706.002,7250237.568,1244913.95,6117792.052,6005323.618,15484266.89,14870756.57,4044.2,15480222.69,14866712.37,5078999.92,30924.62986,4659216.183,4087232.343,1588785.477,2023,7,3,28,14,July,-0.5424466036763942,2.3924755258241337
India,"Calendar Year (Jan - Dec), 2023","July, 2023",2023-07-28,23409954.65,23259495.45,3215902.609,2398078.284,17724850.47,17574391.27,71123.28959,7337445.535,7224878.365,1197085.29,6140360.245,6027793.075,15525885.72,14915606.0,5144.13,15520741.59,14910461.87,5042787.337,31148.13882,4527312.073,3954924.383,1544151.607,2023,7,3,30,28,July,0.48190800083078855,-0.7129864849456324
India,"Calendar Year (Jan - Dec), 2023","August, 2023",2023-08-11,23478623.96,23330142.22,3215002.908,2320579.306,17871210.37,17722728.63,71831.38487,7467052.464,7354389.704,1252188.2,6214864.264,6102201.504,15598767.42,14995470.73,4112.82,15594654.6,14991357.91,5065342.0,31148.13882,4683686.055,4116208.345,1550423.415,2023,8,3,32,11,August,0.2933338019089238,0.4472657975185923
India,"Calendar Year (Jan - Dec), 2023","August, 2023",2023-08-25,23472704.7,23325908.56,3205302.396,2351355.108,17844160.07,17697363.93,71887.12487,7387273.97,7274510.65,1185246.37,6202027.6,6089264.28,15654653.63,15052452.01,5186.03,15649467.6,15047265.98,4994255.626,31399.86272,4594878.385,4026709.585,1510630.621,2023,8,3,34,25,August,-0.02521127307156812,-1.4033874514297273
India,"Calendar Year (Jan - Dec), 2023","September, 2023",2023-09-08,23626786.52,23482968.8,3209231.676,2339193.736,18006559.67,17862741.95,71801.43487,7529840.362,7416974.202,1244968.19,6284872.172,6172006.012,15772955.81,15178627.96,4421.16,15768534.65,15174206.8,5004196.444,31399.86272,4711605.959,4148229.669,1520372.489,2023,9,3,36,8,September,0.6564297637161598,0.1990450378280162
India,"Calendar Year (Jan - Dec), 2023","September, 2023",2023-09-22,23504297.57,23362300.86,3195975.837,2344131.451,17891449.37,17749452.66,72740.90487,7292666.516,7179701.536,1010573.33,6282093.186,6169128.206,15882467.29,15290026.83,5117.54,15877349.75,15284909.29,5095988.924,31399.86272,4798225.029,4234816.299,1507782.089,2023,9,3,38,22,September,-0.5184325422177616,1.8343100840906956
India,"Calendar Year (Jan - Dec), 2023","October, 2023",2023-10-06,23825453.0,23686340.85,3188081.178,2438545.504,18125377.55,17986265.4,73448.77007,7481629.898,7370467.168,1116641.78,6364988.118,6253825.388,16070974.34,15482055.96,5212.93,16065761.41,15476843.03,5065035.415,31648.58585,4823835.234,4262866.274,1469474.985,2023,10,4,40,6,October,1.3663689759012776,-0.6074092675951714
India,"Calendar Year (Jan - Dec), 2023","October, 2023",2023-10-20,23739933.21,23605738.18,3201682.401,2390413.661,18074897.21,17940702.18,72939.94007,7375380.423,7264123.593,1018573.65,6356806.773,6245549.943,16193204.18,15606773.96,5244.83,16187959.35,15601529.13,5047067.745,31648.58585,4907367.724,4343875.704,1473135.335,2023,10,4,42,20,October,-0.35894297581665624,-0.35473927678351114
India,"Calendar Year (Jan - Dec), 2023","November, 2023",2023-11-03,23947372.91,23815512.89,3206480.64,2430862.521,18235753.58,18103893.56,74276.16405,7531995.366,7424461.476,1116502.84,6415492.526,6307958.636,16326455.74,15742361.21,5236.83,16321218.91,15737124.38,5137193.516,31939.32817,5080211.038,4520442.638,1538377.772,2023,11,4,44,3,November,0.8738006891806149,1.7857055929016319
India,"Calendar Year (Jan - Dec), 2023","November, 2023",2023-11-17,23934978.33,23806744.0,3254799.039,2449083.732,18156731.29,18028496.96,74364.26405,7475374.914,7368870.824,1102322.7,6373052.214,6266548.124,16362043.58,15781445.28,5239.83,16356803.75,15776205.45,5174163.55,31939.32817,5108543.051,4549674.991,1608939.156,2023,11,4,46,17,November,-0.051757577111211095,0.7196542992755628
India,"Calendar Year (Jan - Dec), 2023","December, 2023",2023-12-01,24165366.02,24039273.56,3250153.775,2475751.395,18363876.47,18237784.01,75584.37405,7504000.374,7399637.684,1169687.12,6334313.254,6229950.564,16569623.49,15991430.79,5230.52,16564392.97,15986200.27,5244558.376,32264.47514,5185080.696,4628617.766,1661863.871,2023,12,4,48,1,December,0.9625565012993276,1.36050639528007
India,"Calendar Year (Jan - Dec), 2023","December, 2023",2023-12-15,24092311.15,23968340.68,3271641.114,2462241.997,18283332.79,18159362.32,75095.24157,7376546.379,7275740.589,1113338.92,6263207.459,6162401.669,16525346.08,15949940.25,5230.52,16520115.56,15944709.73,5323766.344,32264.47514,5165612.129,4613370.979,1737342.552,2023,12,4,50,15,December,-0.30231228419854705,1.5102886138605776
India,"Calendar Year (Jan - Dec), 2023","December, 2023",2023-12-29,24377277.38,24255990.32,3256114.696,2580489.518,18459622.16,18338335.1,81051.00744,7272617.421,7171807.121,979658.55,6292958.871,6192148.571,16709688.1,16136615.6,5080.05,16704608.05,16131535.55,5337928.712,32596.39892,4975553.251,4422957.511,1793209.724,2023,12,4,52,29,December,1.1828098525948239,0.26602159232556044
India,"Calendar Year (Jan - Dec), 2024","January, 2024",2024-01-12,24329720.79,24210360.95,3311870.188,2408007.276,18531377.93,18412018.09,78465.38744,7325127.243,7228506.633,1016036.66,6309090.583,6212469.973,16716630.69,16150090.09,5227.66,16711403.03,16144862.43,5282800.769,32596.39892,5027434.311,4483632.941,1740225.741,2024,1,1,2,12,January,-0.1950857319243382,-1.0327590714366175
India,"Calendar Year (Jan - Dec), 2024","January, 2024",2024-01-26,24417811.18,24301509.4,3323406.062,2497828.743,18516165.41,18399863.63,80410.95744,7210187.96,7116700.4,934359.37,6275828.59,6182341.03,16793223.66,16239987.68,5237.26,16787986.4,16234750.42,5275454.798,32887.43525,4893942.676,4363520.916,1721382.21,2024,1,1,4,26,January,0.36206905438966874,-0.13905447737319054
India,"Calendar Year (Jan - Dec), 2024","February, 2024",2024-02-09,24585981.74,24471527.33,3350822.768,2461884.818,18689548.58,18575094.17,83725.57744,7354963.242,7262132.992,998481.35,6356481.892,6263651.642,16901007.31,16352686.88,9177.81,16891829.5,16343509.07,5275289.958,32887.43525,4978166.208,4451469.938,1706358.41,2024,2,1,6,9,February,0.6887208634725805,-0.003124659509223804
India,"Calendar Year (Jan - Dec), 2024","February, 2024",2024-02-23,24606900.45,24494113.34,3361633.285,2510518.443,18650930.21,18538143.1,83818.50744,7315466.965,7223793.815,964995.81,6350471.155,6258798.005,16970977.18,16434572.18,11120.99,16959856.19,16423451.19,5284622.377,33197.68942,4997363.763,4482072.723,1699562.689,2024,2,1,8,23,February,0.08508389138663919,0.17690817138587
India,"Calendar Year (Jan - Dec), 2024","March, 2024",2024-03-08,24847705.49,24737211.18,3382800.671,2519150.085,18862203.06,18751708.75,83551.67656,7541769.744,7450054.624,1134271.9,6407497.844,6315782.724,17073515.79,16541584.78,11400.88,17062114.91,16530183.9,5413515.315,33197.68942,5214293.047,4701141.227,1756588.528,2024,3,1,10,8,March,0.9786077709758922,2.439018889239364
India,"Calendar Year (Jan - Dec), 2024","March, 2024",2024-03-22,24938758.85,24830516.37,3418888.334,2586888.119,18848160.22,18739917.74,84822.17055,7404752.387,7313197.067,994394.25,6410358.137,6318802.817,17200296.97,16669610.49,11871.46,17188425.51,16657739.03,5533041.953,33197.68942,5232530.154,4718530.834,1774932.813,2024,3,1,12,22,March,0.3664457470193616,2.2079301718942235
India,"Calendar Year (Jan - Dec), 2024","March, 2024",2024-03-31,24939860.45,24831617.97,3410275.867,2586888.119,18848160.22,18739917.74,94536.24055,7603570.897,7512015.577,1193212.76,6410358.137,6318802.817,17202831.62,16672145.14,14406.11,17188425.51,16657739.03,5567503.558,33431.6623,5467477.289,4953477.969,1790134.017,2024,3,1,13,31,March,0.004417220626828922,0.6228328881785483
India,"Calendar Year (Jan - Dec), 2024","April, 2024",2024-04-05,25487257.19,25378472.54,3430787.644,2739517.775,19230531.62,19121746.97,86420.15055,7735215.958,7647354.898,1273550.47,6461665.488,6373804.428,17346133.93,16821877.22,11423.93,17334710.0,16810453.29,5576911.817,33431.6623,5204436.184,4701103.064,1797931.767,2024,4,2,14,5,April,2.194866892288494,0.16898523551871492
India,"Calendar Year (Jan - Dec), 2024","April, 2024",2024-04-19,25259957.58,25153975.39,3454254.536,2606729.472,19112621.62,19006639.43,86351.95055,7676346.481,7589042.991,1221629.22,6454717.261,6367413.771,17250208.85,16729390.63,10804.26,17239404.59,16718586.37,5520760.808,33431.6623,5220790.23,4718650.71,1752988.927,2024,4,2,16,19,April,-0.8918166764887658,-1.0068477114670404
India,"Calendar Year (Jan - Dec), 2024","May, 2024",2024-05-03,25463662.17,25361024.54,3470074.885,2583927.829,19320613.99,19217976.36,89045.46965,7664267.723,7578908.433,1138506.65,6525761.073,6440401.783,17396143.0,16879025.87,11271.99,17384871.01,16867753.88,5530026.501,33632.06431,5160407.113,4660568.323,1769435.891,2024,5,2,18,3,May,0.8064328269548948,0.1678336251513146
India,"Calendar Year (Jan - Dec), 2024","May, 2024",2024-05-17,25353391.36,25253943.58,3488253.987,2552107.118,19225635.44,19126187.66,87394.81221,7615418.581,7530022.471,1109882.64,6505535.941,6420139.831,17365107.14,16850449.08,11374.49,17353732.65,16839074.59,5584382.947,33632.06431,5245149.376,4744542.986,1831016.425,2024,5,2,20,17,May,-0.43305165322966577,0.9829328302526363
India,"Calendar Year (Jan - Dec), 2024","May, 2024",2024-05-31,25610093.35,25514914.52,3468799.123,2651468.253,19398657.24,19303478.41,91168.73221,7454906.05,7370023.77,966035.99,6488870.06,6403987.78,17547319.16,17036240.56,11371.61,17535947.55,17024868.95,5615739.205,33857.58002,5041728.64,4540946.59,1610515.142,2024,5,2,22,31,May,1.0124956711116795,0.5614990644014828
India,"Calendar Year (Jan - Dec), 2024","June, 2024",2024-06-14,25444042.12,25351037.94,3489605.348,2535410.572,19329082.64,19236078.46,89943.56088,7510409.19,7425491.04,973577.83,6536831.36,6451913.21,17470960.1,16964445.2,11369.61,17459590.49,16953075.59,5631810.592,33857.58002,5202995.342,4704566.472,1647531.022,2024,6,2,24,14,June,-0.6483819786623379,0.28618471074459695
India,"Calendar Year (Jan - Dec), 2024","June, 2024",2024-06-28,25791104.4,25701707.63,3446054.522,2746236.761,19503047.0,19413650.23,95766.12088,7489485.427,7424140.947,1026141.64,6463343.787,6397999.307,17648993.09,17148762.33,10921.84,17638071.25,17137840.49,5653720.343,34065.37039,5035159.833,4558981.363,1631829.262,2024,6,2,26,28,June,1.3640217948200695,0.38903565100578685
India,"Calendar Year (Jan - Dec), 2024","July, 2024",2024-07-12,25701087.42,25614380.25,3468892.614,2533568.121,19606655.88,19519948.71,91970.81088,7694364.241,7629016.001,1081536.44,6612827.801,6547479.561,17576178.29,17081633.37,11106.88,17565071.41,17070526.49,5785394.849,34065.37039,5388915.329,4915729.339,1719123.828,2024,7,3,28,12,July,-0.34902336326472216,2.328988666074183
India,"Calendar Year (Jan - Dec), 2024","July, 2024",2024-07-26,25673512.63,25590310.87,3426088.84,2587413.066,19568786.15,19485584.39,91224.58088,7678212.507,7612860.837,1060910.01,6617302.497,6551950.827,17577817.6,17084181.19,10934.92,17566882.68,17073246.27,5800753.745,34306.01106,5417577.235,4941790.915,1718640.105,2024,7,3,30,26,July,-0.10729036304722994,0.2654770573291998
India,"Calendar Year (Jan - Dec), 2024","August, 2024",2024-08-09,25809602.88,25728939.34,3425336.191,2557746.124,19733818.76,19653155.22,92701.80088,7739908.486,7674994.776,1107751.69,6632156.796,6567243.086,17644067.35,17155454.19,10439.44,17633627.91,17145014.75,5837528.278,34306.01106,5446207.248,4973343.918,1816317.887,2024,8,3,32,9,August,0.5300803671133725,0.6339612853191401
India,"Calendar Year (Jan - Dec), 2024","August, 2024",2024-08-23,25783047.55,25704100.49,3404741.114,2588482.333,19698001.83,19619054.77,91822.27088,7694768.779,7629866.379,1025544.8,6669223.979,6604321.579,17709791.63,17224459.69,10306.96,17699484.67,17214152.73,5930301.235,34306.01106,5586120.097,5114832.817,1893229.444,2024,8,3,34,23,August,-0.10288933976808634,1.5892506653824023
India,"Calendar Year (Jan - Dec), 2024","September, 2024",2024-09-06,26010846.23,25933895.67,3403962.366,2599981.947,19913292.09,19836341.53,93609.82589,7854015.268,7790330.288,1165032.04,6688983.228,6625298.248,17810857.45,17332342.16,8853.06,17802004.39,17323489.1,5993724.875,34594.3442,5682345.705,5217095.995,1942038.779,2024,9,3,36,6,September,0.8835211569083956,1.0694842890219602
India,"Calendar Year (Jan - Dec), 2024","September, 2024",2024-09-20,25954323.79,25878848.36,3392284.391,2640984.043,19826970.39,19751494.96,94084.96934,7626155.198,7562613.638,921112.39,6705042.808,6641501.248,17889363.9,17412955.14,10588.86,17878775.04,17402366.28,5991647.975,34594.3442,5587437.623,5122962.733,1957329.566,2024,9,3,38,20,September,-0.2173033491498222,-0.034651240143890316
India,"Calendar Year (Jan - Dec), 2024","October, 2024",2024-10-04,26368672.67,26294603.72,3385407.441,2735672.689,20151734.33,20077665.38,95858.20787,7890209.615,7826654.615,1127975.51,6762234.105,6698679.105,18063789.65,17596094.17,8715.34,18055074.31,17587378.83,6093353.31,34832.89008,5713512.796,5256331.266,1976048.382,2024,10,4,40,4,October,1.5964541528901144,1.6974517766124242
India,"Calendar Year (Jan - Dec), 2024","October, 2024",2024-10-18,26289281.97,26216710.5,3415232.583,2687986.303,20087771.51,20015200.04,98291.57787,7925482.475,7863892.635,1132432.92,6793049.555,6731459.715,18005269.11,17539624.65,9175.47,17996093.64,17530449.18,5992867.64,34832.89008,5669170.14,5214507.31,1926618.242,2024,10,4,42,18,October,-0.3010796219952594,-1.6491029633074028
India,"Calendar Year (Jan - Dec), 2024","November, 2024",2024-11-01,26532760.9,26461248.08,3457240.177,2705138.634,20270681.16,20199168.34,99700.92787,8073625.642,8019783.592,1211152.99,6862472.652,6808630.602,18171141.21,17710107.24,9393.51,18161747.7,17700713.73,5945259.444,35179.62453,5692445.022,5249081.822,1904574.046,2024,11,4,44,1,November,0.9261528339870484,-0.7944142747661198
India,"Calendar Year (Jan - Dec), 2024","November, 2024",2024-11-15,26362434.74,26292202.17,3455881.627,2657444.915,20151337.54,20081104.97,97770.65787,8104197.142,8052979.382,1308854.75,6795342.392,6744124.632,18145073.45,17687118.43,9148.68,18135924.77,17677969.75,5762480.578,35179.62453,5684496.053,5245555.843,1817746.35,2024,11,4,46,15,November,-0.6419466132527529,-3.0743631581034214
India,"Calendar Year (Jan - Dec), 2024","November, 2024",2024-11-29,26517390.58,26448230.31,3444217.428,2718636.059,20251544.47,20182384.2,102992.6179,8086636.984,8035418.494,1242345.5,6844291.484,6793072.994,18291281.15,17835267.16,10462.84,18280818.31,17824804.32,5771556.83,35419.33584,5667503.722,5229431.512,1901446.462,2024,11,4,48,29,November,0.5877903218282077,0.1575059885607466
India,"Calendar Year (Jan - Dec), 2024","December, 2024",2024-12-13,26590006.74,26522191.37,3476238.192,2750792.839,20263731.23,20195915.86,99244.48223,8099533.605,8048667.285,1239095.16,6860438.445,6809572.125,18346470.0,17900969.0,10271.21,18336198.79,17890697.79,5746785.708,35419.33584,5638201.91,5209649.96,1916119.876,2024,12,4,50,13,December,0.27384353592758703,-0.42919307094478887
India,"Calendar Year (Jan - Dec), 2024","December, 2024",2024-12-27,26579463.97,26512773.66,3459976.672,2710712.82,20307145.54,20240455.23,101628.9322,7901118.617,7850250.437,1000890.51,6900228.107,6849359.927,18529355.91,18090813.11,10519.01,18518836.9,18080294.1,5801239.333,35682.89431,5687932.785,5265212.115,1891176.781,2024,12,4,52,27,December,-0.03964936941569519,0.9475492521705764
India,"Calendar Year (Jan - Dec), 2025","January, 2025",2025-01-10,26711510.04,26646081.5,3497218.541,2619284.651,20491381.47,20425952.93,103625.3822,8038367.036,7987491.816,1104709.8,6933657.236,6882782.016,18588618.37,18155567.4,10512.3,18578106.07,18145055.1,5702468.323,35682.89431,5653626.576,5235128.926,1910747.631,2025,1,1,2,10,January,0.49679734004055565,-1.70258464321833
India,"Calendar Year (Jan - Dec), 2025","January, 2025",2025-01-24,26692998.72,26628759.47,3503602.084,2651711.905,20433390.41,20369151.16,104294.318,7988401.985,7937526.405,1047893.2,6940508.785,6889633.205,18672006.07,18230417.25,22760.08,18649245.99,18207657.17,5748879.693,35682.89431,5751971.923,5323746.773,1986996.905,2025,1,1,4,24,January,-0.06930091175032516,0.8138821186048029
India,"Calendar Year (Jan - Dec), 2025","February, 2025",2025-02-07,26935188.09,26872185.12,3537300.542,2634048.136,20651912.55,20588909.58,111926.8565,8207744.252,8156862.942,1220379.04,6987365.212,6936483.902,18766485.48,18330842.54,20792.02,18745693.46,18310050.52,5901147.127,36016.9706,5976205.746,5552684.466,2108358.52,2025,2,1,6,7,February,0.9073142082704155,2.648645338419686
India,"Calendar Year (Jan - Dec), 2025","February, 2025",2025-02-21,26913341.11,26851478.64,3557832.602,2664975.273,20577221.12,20515358.65,113312.1165,8150549.785,8099668.105,1193389.84,6957159.945,6906278.265,18801586.46,18368383.8,28593.31,18772993.15,18339790.49,5873487.477,36016.9706,5948299.577,5526077.707,2108450.061,2025,2,1,8,21,February,-0.0811094391730327,-0.4687164953648959
India,"Calendar Year (Jan - Dec), 2025","March, 2025",2025-03-07,27167848.14,27107255.89,3589487.634,2683258.171,20786318.32,20725726.07,108784.0165,8318034.847,8267354.397,1274549.5,7043485.347,6992804.897,18935425.25,18508695.43,26943.53,18908481.72,18481751.9,5998916.05,36305.76516,6120833.771,5704015.751,2178275.103,2025,3,1,10,7,March,0.9456537891738614,2.1355042211491204
India,"Calendar Year (Jan - Dec), 2025","March, 2025",2025-03-21,27273801.25,27214354.7,3620844.585,2840022.669,20702508.42,20643061.87,110425.58,8183589.649,8135828.979,1180869.67,7002719.979,6954959.309,19065706.01,18644339.14,35822.97,19029883.04,18608516.17,6098084.142,36305.76516,6109884.31,5700203.32,2159098.032,2025,3,1,12,21,March,0.3899944870642935,1.6531001796566303
India,"Calendar Year (Jan - Dec), 2025","March, 2025",2025-03-31,27286589.12,27227142.57,3630751.472,2840022.669,20702508.42,20643061.87,113306.56,8510825.399,8463065.0,1508105.42,7002719.979,6954959.309,19068128.73,18646762.0,38245.69,19029883.04,18608516.17,6148527.387,36631.71231,6477524.105,6067843.0,2147426.597,2025,3,1,14,31,March,0.0468870102952712,0.8271982449795434
India,"Calendar Year (Jan - Dec), 2025","April, 2025",2025-04-04,27843775.93,27783909.47,3650071.358,2926144.66,21164352.78,21104486.32,103207.13,8549078.846,8501312.956,1577390.25,6971688.596,6923922.706,19210628.39,18794026.65,21537.59,19189090.8,18772489.06,6199774.443,36631.71231,6152337.464,5747836.294,2205404.273,2025,4,2,14,4,April,2.0419804305683797,0.8334850407977878
India,"Calendar Year (Jan - Dec), 2025","April, 2025",2025-04-18,27630684.74,27572152.38,3693751.177,2782612.492,21050571.57,20992039.21,103749.5,8623867.046,8576101.636,1626509.13,6997357.916,6949592.506,18995997.01,18583507.31,19279.54,18976717.47,18564227.77,6290116.51,36631.71231,6315927.542,5914204.792,2308157.95,2025,4,2,16,18,April,-0.7653099584471579,1.4571831254603484
India,"Calendar Year (Jan - Dec), 2025","May, 2025",2025-05-02,27824650.52,27767317.76,3713241.432,3061826.703,20943230.84,20885898.08,106351.54,8672728.963,8626145.573,1652602.3,7020126.663,6973543.273,19093866.41,18683377.81,20761.76,19073104.65,18662616.05,6232874.879,36922.19382,6211741.925,5812002.695,2257211.789,2025,5,2,18,2,May,0.7019941120720796,-0.9100249718585918
India,"Calendar Year (Jan - Dec), 2025","May, 2025",2025-05-16,27706383.97,27650168.02,3744458.545,2984811.696,20871566.88,20815350.93,105546.8523,8737129.044,8690546.224,1746156.82,6990972.224,6944389.404,19034855.29,18628148.62,19079.37,19015775.92,18609069.25,6299163.177,36922.19382,6401685.729,6004612.189,2300152.024,2025,5,2,20,16,May,-0.42504235557241365,1.06352685216482
India,"Calendar Year (Jan - Dec), 2025","May, 2025",2025-05-30,27989937.22,27934897.61,3736895.993,3131529.986,21011378.45,20956338.84,110132.7923,8493150.541,8446562.661,1479314.78,7013835.761,6967247.881,19089019.06,18690046.22,14393.43,19074625.63,18675652.79,6350876.158,37290.98719,5980399.529,5589878.419,2099222.256,2025,5,2,22,30,May,1.0234220759627988,0.8209500142625004
India,"Calendar Year (Jan - Dec), 2025","June, 2025",2025-06-13,27896574.0,27842794.0,3744990.466,3001876.576,21040862.71,20987083.24,108844.0539,8602856.995,8556269.505,1602562.26,7000294.735,6953707.245,19113759.69,18715304.45,10263.37,19103496.32,18705041.08,6449305.484,37290.98719,6306639.355,5915376.095,2181690.2,2025,6,2,24,13,June,-0.3335599478704321,1.5498542807516724
India,"Calendar Year (Jan - Dec), 2025","June, 2025",2025-06-27,28230455.67,28177829.15,3722652.401,3215375.486,21183730.78,21131104.26,108696.9994,8520032.758,8473446.268,1513360.64,7006672.118,6960085.628,19283371.35,18888885.56,9029.37,19274341.98,18879856.19,6436658.011,37651.6821,6047258.129,5658812.369,2168643.682,2025,6,2,26,27,June,1.1968554633267958,-0.19610596879582332
India,"Calendar Year (Jan - Dec), 2025","July, 2025",2025-07-11,28141256.05,28177829.15,3729015.648,2944827.512,21357280.08,21131104.26,110132.8081,8614204.536,8473446.268,1586326.86,7027877.676,6960085.628,19266495.13,18888885.56,7964.76,19258530.37,18879856.19,6404968.139,37651.6821,6182063.441,5658812.369,2176783.661,2025,7,3,28,11,July,-0.3159694658942058,-0.4923342508774353
India,"Calendar Year (Jan - Dec), 2025","July, 2025",2025-07-25,28139873.48,28177829.15,3707457.896,3018665.596,21306107.67,21131104.26,107642.3136,8541316.561,8473446.268,1502150.02,7039166.541,6960085.628,19300980.81,18888885.56,12383.36,19288597.45,18879856.19,6465941.503,38057.46527,6206422.866,5658812.369,2235868.03,2025,7,3,30,25,July,-0.004912964785730445,0.951969825247545
India,"Calendar Year (Jan - Dec), 2025","August, 2025",2025-08-08,28288711.82,28177829.15,3727558.845,2990111.764,21461319.26,21131104.26,109721.9536,8681282.196,8473446.268,1615236.33,7066045.866,6960085.628,19407618.5,18888885.56,12424.89,19395193.61,18879856.19,6501979.904,38057.46527,6340226.246,5658812.369,2333098.201,2025,8,3,32,8,August,0.5289232736095384,0.5573573621610928
India,"Calendar Year (Jan - Dec), 2025","August, 2025",2025-08-22,28308501.71,28177829.15,3715736.729,3032515.622,21450604.29,21131104.26,109645.0636,8585943.249,8473446.268,1511706.49,7074236.759,6960085.628,19449508.79,18888885.56,13069.49,19436439.3,18879856.19,6467254.235,38057.46527,6232262.032,5658812.369,2288910.791,2025,8,3,34,22,August,0.06995684400874502,-0.5340783809349658
India,"Calendar Year (Jan - Dec), 2025","September, 2025",2025-09-05,28476012.98,28177829.15,3718989.204,3035554.419,21611139.0,21131104.26,110330.3636,8747071.449,8473446.268,1607507.55,7139563.899,6960085.628,19600218.4,18888885.56,9833.1,19590385.3,18879856.19,6581275.727,38057.46527,6490610.064,5658812.369,2431270.803,2025,9,3,36,5,September,0.5917348495375396,1.7630587550266474
India,"Calendar Year (Jan - Dec), 2025","September, 2025",2025-09-19,28350280.9,28177829.15,3706688.089,3004900.773,21522189.31,21131104.26,116502.7336,8490309.339,8473446.268,1324495.33,7165814.009,6960085.628,19709575.18,18888885.56,15669.36,19693905.82,18879856.19,6597919.274,38437.92125,6485960.818,5658812.369,2463314.141,2025,9,3,38,19,September,-0.44153681236313025,0.25289241311861055
India,"Calendar Year (Jan - Dec), 2025","October, 2025",2025-10-03,28895269.38,28177829.15,3698492.216,3216574.947,21866349.52,21131104.26,113852.695,8734166.548,8473446.268,1538513.99,7195652.558,6960085.628,20068221.4145,18888885.56,12613.21,20055608.2045,18879856.19,6622726.26310587,38863.50731,6568708.35,5658812.369,2569200.308,2025,10,4,40,3,October,1.9223389070547103,0.3759820039572981
India,"Calendar Year (Jan - Dec), 2025","October, 2025",2025-10-17,28714437.86,28177829.15,3729092.467,3118912.134,21751523.41,21131104.26,114909.8443,8693935.708,8473446.268,1491025.85,7202909.858,6960085.628,20023678.1567,18888885.56,14936.29,20008741.8667,18879856.19,6589609.90688797,38863.50731,6631649.425,5658812.369,2609137.993,2025,10,4,42,17,October,-0.6258170416129194,-0.500041144722918
India,"Calendar Year (Jan - Dec), 2025","October, 2025",2025-10-31,28997506.24,28177829.15,3720545.298,3245814.628,21915976.89,21131104.26,115169.4227,8739869.747,8473446.268,1529911.35,7209958.397,6960085.628,20203748.9453,18888885.56,13603.08,20190145.8653,18879856.19,6532530.72615857,39231.15687,6517874.339,5658812.369,2559727.983,2025,10,4,44,31,October,0.9858050552134401,-0.8661996921811244
India,"Calendar Year (Jan - Dec), 2025","November, 2025",2025-11-14,28945871.48,28177829.15,3751590.76,3137173.117,21943512.16,21131104.26,113595.4427,8787412.25,8473446.268,1633175.11,7154237.14,6960085.628,20177383.48,18888885.56,10229.82,20167153.66,18879856.19,6555003.704,39231.15687,6613159.112,5658812.369,2605985.052,2025,11,4,46,14,November,-0.17806620877202084,0.34401641237506997
India,"Calendar Year (Jan - Dec), 2025","November, 2025",2025-11-28,29136713.2,28177829.15,3772033.157,3158232.507,22088553.71,21131104.26,117893.8227,8849634.832,8473446.268,1644157.44,7205477.392,6960085.628,20338418.67,18888885.56,11701.2,20326717.47,18879856.19,6544990.735,39554.51324,6635885.547,5658812.369,2654751.732,2025,11,4,48,28,November,0.659305490704809,-0.15275306395158283
India,"Calendar Year (Jan - Dec), 2025","December, 2025",2025-12-15,29058340.08,28177829.15,3820475.628,3065540.756,22057741.58,21131104.26,114582.1194,8814395.101,8473446.268,1612903.32,7201491.781,6960085.628,20506633.56,18888885.56,11439.46,20495194.1,18879856.19,6688751.017,39720.68856,6991160.289,5658812.369,2810781.398,2025,12,4,51,15,December,-0.2689840801947452,2.1964932850283114
India,"Calendar Year (Jan - Dec), 2025","December, 2025",2025-12-31,29800906.25,28177829.15,3828358.658,3423133.329,22434415.68,21131104.26,114998.5832,8750685.51,8473446.268,1545560.88,7205124.63,6960085.628,21146517.25,18888885.56,20321.65,21126195.6,18879856.19,6585472.386,39895.31275,6721664.202,5658812.369,2769494.753,2025,12,4,1,31,December,2.5554321683745718,-1.5440645157445587
